#k, z, u, v, w, p, nu_t, uu, vv, ww, pp, uv, uw, vw, g11, g12, g13, g21, g22, g23, g31, g32, g33, u_rms, v_rms, w_rms, p_rms, Rxx, Rxy, Rxz, Ryy, Ryz, Rzz, tke
1, 8.295879e-04, 1.347606e-01, -5.663151e-06, 2.861716e-18, -2.499402e-02, 1.537577e-06, 2.057547e-02, 4.954564e-04, 5.892242e-08, 3.982523e+00, -1.278127e-07, -3.216271e-06, -4.192395e-10, -2.310181e-16, -5.692061e-19, 1.610246e+02, -4.288104e-21, 6.606857e-19, -7.260500e-03, 1.124966e-21, 3.044025e-21, 2.587469e-15, 4.910387e-02, 2.224121e-02, 2.424019e-04, 1.994657e+00, 2.412663e-03, 6.341947e-07, -3.213298e-06, 4.950859e-04, -4.162824e-10, 5.887961e-08, 1.453904e-03
2, 2.639493e-03, 4.282217e-01, -1.802292e-05, 5.724275e-18, -5.065932e-02, 5.558974e-06, 2.077636e-01, 4.667646e-03, 1.805733e-06, 3.978985e+00, -1.526280e-06, -5.978655e-05, -7.849059e-09, -7.350416e-16, -3.089976e-18, 1.606729e+02, 1.508777e-20, 2.019327e-18, -7.175739e-03, 5.059037e-21, 1.143494e-20, 7.281705e-16, 1.560465e-01, 6.826653e-02, 1.341946e-03, 1.993287e+00, 2.436544e-02, 6.181489e-06, -5.973169e-05, 4.664152e-03, -7.793505e-09, 1.804420e-06, 1.451570e-02
3, 4.777859e-03, 7.741369e-01, -3.264945e-05, 5.715752e-18, -7.999685e-02, 1.142558e-05, 6.790337e-01, 1.416599e-02, 1.536277e-05, 3.980697e+00, -5.891673e-06, -3.345501e-04, -4.257403e-08, -1.328293e-15, -2.927346e-18, 1.602312e+02, -4.817500e-20, 3.835365e-18, -7.161400e-03, 1.338047e-20, 1.715242e-20, -5.651404e-18, 2.821657e-01, 1.189285e-01, 3.914322e-03, 1.992757e+00, 7.966643e-02, 1.935560e-05, -3.342454e-04, 1.415538e-02, -4.225364e-08, 1.535158e-05, 4.691858e-02
4, 7.303384e-03, 1.181408e+00, -4.999373e-05, 5.696032e-18, -1.157316e-01, 1.972467e-05, 1.581577e+00, 3.037776e-02, 7.243302e-05, 3.990672e+00, -1.617620e-05, -1.183486e-03, -1.403576e-07, -2.028075e-15, -4.662069e-18, 1.596084e+02, -1.471720e-19, 5.048316e-18, -7.164048e-03, 2.252578e-20, 5.251604e-20, -6.572976e-18, 4.307584e-01, 1.741585e-01, 8.499726e-03, 1.993506e+00, 1.856666e-01, 4.283130e-05, -1.182416e-03, 3.035499e-02, -1.391388e-07, 7.238019e-05, 1.080470e-01
5, 1.028489e-02, 1.660028e+00, -7.063504e-05, 5.675650e-18, -1.593935e-01, 3.113269e-05, 3.122654e+00, 5.463379e-02, 2.483807e-04, 4.013748e+00, -3.781917e-05, -3.303691e-03, -3.506096e-07, -2.847074e-15, -8.239937e-18, 1.586623e+02, -1.500307e-19, 8.294147e-18, -7.195890e-03, 4.777795e-20, 5.675121e-20, -6.938894e-18, 6.052887e-01, 2.335622e-01, 1.574026e-02, 1.996277e+00, 3.665962e-01, 7.934224e-05, -3.300730e-03, 5.459282e-02, -3.468544e-07, 2.481992e-04, 2.107186e-01
6, 1.380293e-02, 2.220763e+00, -9.533414e-05, 5.657757e-18, -2.118357e-01, 4.644400e-05, 5.587058e+00, 8.801307e-02, 6.965991e-04, 4.055175e+00, -8.075378e-05, -7.958722e-03, -7.202784e-07, -3.811838e-15, -7.806256e-18, 1.571495e+02, -3.347898e-19, 1.086913e-17, -7.269829e-03, 5.251604e-20, 1.287490e-19, -7.860466e-18, 8.088473e-01, 2.964500e-01, 2.636104e-02, 2.001763e+00, 6.546173e-01, 1.308136e-04, -7.951643e-03, 8.794705e-02, -7.101629e-07, 6.960891e-04, 3.716302e-01
7, 1.795158e-02, 2.874333e+00, -1.250927e-04, 5.587876e-18, -2.727838e-01, 6.661357e-05, 9.351396e+00, 1.311134e-01, 1.695917e-03, 4.118364e+00, -1.626568e-04, -1.724841e-02, -1.254142e-06, -4.935315e-15, 8.673617e-19, 1.546851e+02, -5.440069e-19, 1.227859e-17, -7.394017e-03, 5.939819e-20, 1.321371e-19, -1.208885e-17, 1.043032e+00, 3.618332e-01, 4.113330e-02, 2.010141e+00, 1.088514e+00, 1.966945e-04, -1.723317e-02, 1.310151e-01, -1.229622e-06, 1.694672e-03, 6.106118e-01
8, 2.284046e-02, 3.629744e+00, -1.611948e-04, 5.560348e-18, -3.401933e-01, 9.285048e-05, 1.488354e+01, 1.838755e-01, 3.707000e-03, 4.202265e+00, -3.132769e-04, -3.429452e-02, -1.847051e-06, -6.224405e-15, -1.387779e-17, 1.507246e+02, -6.827086e-19, 1.576159e-17, -7.563592e-03, -1.360547e-20, 3.693064e-19, -9.920450e-18, 1.306113e+00, 4.285036e-01, 6.081697e-02, 2.020690e+00, 1.706781e+00, 2.715815e-04, -3.426436e-02, 1.837377e-01, -1.793156e-06, 3.704270e-03, 9.471115e-01
9, 2.859688e-02, 4.491477e+00, -2.051783e-04, 5.462515e-18, -4.099633e-01, 1.268148e-04, 2.270757e+01, 2.455978e-01, 7.427121e-03, 4.300475e+00, -5.782905e-04, -6.306971e-02, -2.175635e-06, -7.699950e-15, -2.038300e-17, 1.446114e+02, -1.085896e-18, 1.505686e-17, -7.744202e-03, -1.154082e-19, -2.710505e-20, -7.697835e-18, 1.590770e+00, 4.952370e-01, 8.608905e-02, 2.031992e+00, 2.531644e+00, 3.431345e-04, -6.301436e-02, 2.454142e-01, -2.068545e-06, 7.421632e-03, 1.392240e+00
10, 3.536819e-02, 5.455664e+00, -2.585680e-04, 5.453198e-18, -4.765844e-01, 1.709651e-04, 3.331257e+01, 3.152401e-01, 1.382791e-02, 4.403640e+00, -1.018701e-03, -1.075325e-01, -1.463074e-06, -9.349021e-15, -1.994932e-17, 1.357355e+02, -1.285796e-18, 1.759118e-17, -7.828596e-03, -1.877237e-19, 6.776264e-20, -8.944668e-18, 1.882393e+00, 5.610866e-01, 1.174738e-01, 2.042797e+00, 3.544690e+00, 3.923026e-04, -1.074380e-01, 3.150050e-01, -1.272166e-06, 1.381765e-02, 1.936756e+00
11, 4.332422e-02, 6.506242e+00, -3.218367e-04, 5.446422e-18, -5.347579e-01, 2.289023e-04, 4.700093e+01, 3.918729e-01, 2.416208e-02, 4.504104e+00, -1.697345e-03, -1.699765e-01, 2.037097e-06, -1.116192e-14, -2.688821e-17, 1.237986e+02, -1.495013e-18, 1.817394e-17, -7.556688e-03, -2.489218e-19, 2.236167e-19, -3.158281e-16, 2.159520e+00, 6.255901e-01, 1.552942e-01, 2.052944e+00, 4.664928e+00, 3.980530e-04, -1.698262e-01, 3.915818e-01, 2.340932e-06, 2.414408e-02, 2.540327e+00
12, 5.265970e-02, 7.613183e+00, -3.916177e-04, 5.204170e-18, -5.812528e-01, 3.050554e-04, 6.371589e+01, 4.748052e-01, 3.993039e-02, 4.599674e+00, -2.636376e-03, -2.491562e-01, 1.159708e-05, -1.305764e-14, -4.293441e-17, 1.090827e+02, -5.929231e-19, 1.799776e-17, -6.461730e-03, 5.463363e-20, -5.421011e-19, 2.454634e-16, 2.397467e+00, 6.886246e-01, 1.996479e-01, 2.063535e+00, 5.749294e+00, 3.482668e-04, -2.489340e-01, 4.744539e-01, 1.203289e-05, 3.990055e-02, 3.131824e+00
13, 6.359653e-02, 8.735011e+00, -4.557823e-04, 5.136408e-18, -6.162180e-01, 4.030403e-04, 8.293639e+01, 5.629297e-01, 6.279518e-02, 4.694300e+00, -3.728484e-03, -3.394011e-01, 3.112622e-05, -1.499040e-14, -3.469447e-17, 9.253950e+01, 3.455894e-19, 1.301043e-17, -4.026949e-03, 6.011816e-19, 2.032879e-19, 4.119968e-18, 2.574380e+00, 7.498231e-01, 2.503803e-01, 2.076256e+00, 6.628899e+00, 2.574172e-04, -3.390944e-01, 5.625148e-01, 3.171182e-05, 6.274815e-02, 3.627081e+00
14, 7.638577e-02, 9.826066e+00, -4.897382e-04, 5.238052e-18, -6.434764e-01, 5.233361e-04, 1.037271e+02, 6.535363e-01, 9.440472e-02, 4.795588e+00, -4.632409e-03, -4.317269e-01, 6.007627e-05, -1.685365e-14, -3.339343e-17, 7.557930e+01, 3.916680e-18, 1.268517e-17, -2.103849e-04, 1.082508e-18, 1.016440e-18, 1.431147e-17, 2.676993e+00, 8.079286e-01, 3.070129e-01, 2.092290e+00, 7.167781e+00, 1.834733e-04, -4.313303e-01, 6.530562e-01, 6.086271e-05, 9.433396e-02, 3.957585e+00
15, 9.130893e-02, 1.084598e+01, -4.630625e-04, 5.421011e-18, -6.693749e-01, 6.621591e-04, 1.249522e+02, 7.417423e-01, 1.360775e-01, 4.909909e+00, -4.801424e-03, -5.166223e-01, 8.758036e-05, -1.861743e-14, -1.908196e-17, 5.963950e+01, 4.921261e-18, 8.565197e-18, 4.135496e-03, 1.831285e-18, 3.306817e-18, 1.279359e-17, 2.703222e+00, 8.607366e-01, 3.686155e-01, 2.111369e+00, 7.308944e+00, 2.188495e-04, -5.161384e-01, 7.411982e-01, 8.869980e-05, 1.359755e-01, 4.093059e+00
16, 1.086783e-01, 1.176713e+01, -3.570192e-04, 5.271933e-18, -7.001917e-01, 8.124704e-04, 1.455553e+02, 8.215660e-01, 1.883317e-01, 5.037556e+00, -3.738182e-03, -5.868422e-01, 1.016610e-04, -2.018015e-14, -4.250073e-17, 4.577719e+01, 4.526544e-18, 1.192622e-17, 7.785825e-03, 2.722364e-18, 3.523657e-18, -4.553649e-18, 2.660920e+00, 9.058774e-01, 4.336703e-01, 2.131478e+00, 7.082093e+00, 4.494987e-04, -5.862798e-01, 8.209636e-01, 1.034238e-04, 1.881902e-01, 4.045623e+00
17, 1.288356e-01, 1.257737e+01, -1.719928e-04, 5.136408e-18, -7.392926e-01, 9.659891e-04, 1.647752e+02, 8.881326e-01, 2.503391e-01, 5.170534e+00, -1.265037e-03, -6.386817e-01, 1.024258e-04, -2.157443e-14, -3.295975e-17, 3.449005e+01, 5.946171e-18, 7.264155e-18, 1.008865e-02, 3.608360e-18, 1.170938e-17, -1.713039e-17, 2.564372e+00, 9.418698e-01, 5.000073e-01, 2.149369e+00, 6.577659e+00, 8.685771e-04, -6.380539e-01, 8.874837e-01, 1.055678e-04, 2.501501e-01, 3.857646e+00
18, 1.521493e-01, 1.327825e+01, 8.127002e-05, 5.014435e-18, -7.857069e-01, 1.115382e-03, 1.822279e+02, 9.392729e-01, 3.194495e-01, 5.292805e+00, 2.389970e-03, -6.715626e-01, 1.022776e-04, -2.280164e-14, -6.245005e-17, 2.578150e+01, 4.648517e-18, 1.344411e-17, 1.054820e-02, 4.247023e-18, 1.333569e-17, -2.602085e-17, 2.430543e+00, 9.686152e-01, 5.648377e-01, 2.161299e+00, 5.909229e+00, 1.262975e-03, -6.708855e-01, 9.385925e-01, 1.084463e-04, 3.192066e-01, 3.583514e+00
19, 1.790077e-01, 1.388107e+01, 3.594253e-04, 4.065758e-18, -8.346171e-01, 1.255615e-03, 1.978726e+02, 9.752987e-01, 3.909928e-01, 5.383087e+00, 6.458361e-03, -6.868627e-01, 1.054095e-04, -2.383380e-14, -4.727121e-17, 1.935014e+01, -1.182458e-18, 9.324139e-18, 8.061717e-03, 5.022905e-18, 1.788934e-17, -2.504507e-17, 2.276169e+00, 9.870229e-01, 6.249058e-01, 2.163849e+00, 5.182623e+00, 1.410191e-03, -6.861532e-01, 9.746027e-01, 1.165890e-04, 3.906935e-01, 3.273959e+00
20, 2.098103e-01, 1.440280e+01, 5.476513e-04, 3.008661e-18, -8.788285e-01, 1.383497e-03, 2.119225e+02, 9.973150e-01, 4.586138e-01, 5.418496e+00, 9.330436e-03, -6.867042e-01, 7.710610e-05, -2.473596e-14, -4.640385e-17, 1.476911e+01, -3.943785e-18, 1.119439e-17, 2.006115e-03, 4.958531e-18, 2.363561e-17, -2.059984e-17, 2.115483e+00, 9.981088e-01, 6.767977e-01, 2.154521e+00, 4.476874e+00, 1.386068e-03, -6.859809e-01, 9.966227e-01, 9.275887e-05, 4.582607e-01, 2.965879e+00
21, 2.449539e-01, 1.486271e+01, 4.881801e-04, 2.873136e-18, -9.104876e-01, 1.496385e-03, 2.247431e+02, 1.005216e+00, 5.152043e-01, 5.378781e+00, 9.083161e-03, -6.732661e-01, -2.699720e-05, -2.552982e-14, -3.989864e-17, 1.159198e+01, 1.016440e-20, 2.710505e-18, -4.646576e-03, 3.137410e-18, 2.656295e-17, 1.084202e-19, 1.958851e+00, 1.002055e+00, 7.173463e-01, 2.132076e+00, 3.838575e+00, 1.781951e-03, -6.725528e-01, 1.004529e+00, -9.797102e-06, 5.148072e-01, 2.678955e+00
22, 2.848143e-01, 1.527908e+01, 1.942925e-04, 2.818926e-18, -9.230599e-01, 1.590832e-03, 2.367406e+02, 9.966130e-01, 5.545535e-01, 5.252318e+00, 4.800753e-03, -6.488288e-01, -4.558677e-05, -2.624680e-14, -5.941428e-17, 9.413904e+00, 5.468445e-18, -2.642743e-18, -8.845657e-03, 1.263773e-18, 1.637145e-17, -4.033232e-17, 1.812472e+00, 9.977485e-01, 7.442423e-01, 2.096781e+00, 3.286388e+00, 1.798303e-03, -6.481510e-01, 9.959171e-01, -3.081285e-05, 5.541291e-01, 2.418217e+00
23, 3.297231e-01, 1.566700e+01, -2.668283e-04, 4.580754e-18, -9.126452e-01, 1.662327e-03, 2.482767e+02, 9.686296e-01, 5.731496e-01, 5.039423e+00, -2.773756e-03, -6.150224e-01, -7.743186e-07, -2.692735e-14, -5.030698e-17, 7.902857e+00, 7.499630e-18, -6.396793e-18, -9.420673e-03, 1.121472e-18, 1.301043e-17, 5.074066e-17, 1.678533e+00, 9.836348e-01, 7.566235e-01, 2.050135e+00, 2.818668e+00, 1.382718e-03, -6.143996e-01, 9.679424e-01, 8.715808e-06, 5.727162e-01, 2.179663e+00
24, 3.799401e-01, 1.603677e+01, -7.053917e-04, 3.876023e-18, -8.793060e-01, 1.707016e-03, 2.596063e+02, 9.201943e-01, 5.709947e-01, 4.754172e+00, -1.073298e-02, -5.729955e-01, 9.449000e-05, -2.755977e-14, -4.857226e-17, 6.806839e+00, 2.581756e-18, -9.269929e-18, -5.082213e-03, 2.656295e-18, 1.647987e-17, 6.396793e-18, 1.557132e+00, 9.587281e-01, 7.552030e-01, 1.994474e+00, 2.425728e+00, 5.474356e-04, -5.724404e-01, 9.195425e-01, 1.004988e-04, 5.705686e-01, 1.957919e+00
25, 4.356227e-01, 1.639353e+01, -8.018595e-04, 5.339696e-18, -8.269243e-01, 1.722085e-03, 2.708427e+02, 8.532275e-01, 5.514082e-01, 4.422626e+00, -1.299044e-02, -5.238152e-01, 1.515320e-04, -2.816096e-14, -1.994932e-17, 5.958519e+00, -2.920570e-18, -1.485357e-17, -8.697023e-04, 3.469447e-18, 1.322727e-17, 3.686287e-18, 1.446324e+00, 9.231840e-01, 7.421401e-01, 1.932914e+00, 2.092816e+00, 1.035416e-04, -5.233349e-01, 8.526223e-01, 1.545932e-04, 5.510032e-01, 1.748221e+00
26, 4.967933e-01, 1.673854e+01, -8.023507e-04, 4.770490e-18, -7.615888e-01, 1.707287e-03, 2.819834e+02, 7.726786e-01, 5.194477e-01, 4.073348e+00, -1.274093e-02, -4.679032e-01, 7.002792e-05, -2.875163e-14, -1.691355e-17, 5.249273e+00, -4.828088e-18, -6.559423e-18, -8.285336e-04, 2.520770e-18, 5.746272e-18, -6.722053e-18, 1.342369e+00, 8.785183e-01, 7.203162e-01, 1.868437e+00, 1.802800e+00, 6.055120e-04, -4.674980e-01, 7.721187e-01, 7.661585e-05, 5.190741e-01, 1.546997e+00
27, 5.633095e-01, 1.706908e+01, -9.083549e-04, 3.632077e-18, -6.897027e-01, 1.664283e-03, 2.928976e+02, 6.843462e-01, 4.804788e-01, 3.729920e+00, -1.428073e-02, -4.059261e-01, 4.367553e-05, -2.930880e-14, -6.938894e-18, 4.596754e+00, -4.606165e-18, -5.095750e-18, 1.694783e-04, 2.579215e-18, 4.336809e-18, -8.348357e-18, 1.241745e+00, 8.267801e-01, 6.927757e-01, 1.803416e+00, 1.542677e+00, 1.121788e-03, -4.055955e-01, 6.838491e-01, 5.744514e-05, 4.801397e-01, 1.353333e+00
28, 6.348400e-01, 1.737810e+01, -7.852844e-04, 3.361027e-18, -6.173546e-01, 1.597435e-03, 3.033043e+02, 5.953283e-01, 4.393996e-01, 3.411422e+00, -1.248397e-02, -3.388764e-01, 8.681221e-05, -2.984223e-14, -2.081668e-17, 3.941044e+00, -1.295960e-18, -4.119968e-18, 4.183573e-03, 3.296652e-18, 2.710505e-19, -9.757820e-19, 1.141896e+00, 7.711368e-01, 6.624998e-01, 1.740317e+00, 1.304580e+00, 1.076347e-03, -3.386102e-01, 5.949009e-01, 9.712362e-05, 4.390916e-01, 1.169286e+00
29, 7.108510e-01, 1.765511e+01, -2.951555e-04, 3.970890e-18, -5.500705e-01, 1.514060e-03, 3.127909e+02, 5.125214e-01, 4.003948e-01, 3.131996e+00, -3.986123e-03, -2.677350e-01, 6.649764e-05, -3.030508e-14, 1.734723e-18, 3.237838e+00, 1.799098e-18, -8.131516e-19, 6.648760e-03, 5.234664e-18, -1.463673e-18, 5.963112e-18, 1.042293e+00, 7.154986e-01, 6.324097e-01, 1.681704e+00, 1.086936e+00, 1.159041e-03, -2.675236e-01, 5.121502e-01, 7.283023e-05, 4.001133e-01, 9.995997e-01
30, 7.906069e-01, 1.788640e+01, 2.559370e-04, 4.906015e-18, -4.931418e-01, 1.426691e-03, 3.208194e+02, 4.421233e-01, 3.672238e-01, 2.904807e+00, 5.883994e-03, -1.932743e-01, 5.801328e-05, -3.071241e-14, -8.673617e-19, 2.443813e+00, -9.351244e-19, -5.963112e-19, 6.593385e-03, 4.160626e-18, -4.445229e-18, 4.228388e-18, 9.458895e-01, 6.645375e-01, 6.056441e-01, 1.631132e+00, 8.951713e-01, 1.257013e-03, -1.931179e-01, 4.417869e-01, 6.345022e-05, 3.669625e-01, 8.519604e-01
31, 8.731889e-01, 1.805494e+01, 7.909265e-04, 5.122855e-18, -4.515865e-01, 1.352957e-03, 3.267283e+02, 3.902254e-01, 3.430657e-01, 2.742973e+00, 1.553065e-02, -1.165622e-01, 9.118518e-05, -3.100222e-14, -3.469447e-18, 1.532948e+00, -3.659182e-19, 7.860466e-19, 5.134205e-03, 2.225156e-18, -2.168404e-18, 4.228388e-18, 8.638348e-01, 6.243109e-01, 5.853797e-01, 1.593177e+00, 7.465877e-01, 1.235570e-03, -1.164688e-01, 3.899194e-01, 9.502300e-05, 3.428161e-01, 7.396616e-01
32, 9.575304e-01, 1.814430e+01, 1.131622e-03, 4.607859e-18, -4.295088e-01, 1.310026e-03, 3.298812e+02, 3.627958e-01, 3.302753e-01, 2.658114e+00, 2.138234e-02, -3.871958e-02, 5.569266e-05, -3.116962e-14, -2.602085e-18, 5.225258e-01, -3.428789e-18, -1.409463e-18, 2.825670e-03, 2.127747e-18, -1.273938e-18, 0.000000e+00, 8.152337e-01, 6.019724e-01, 5.743601e-01, 1.572554e+00, 6.649110e-01, 8.616041e-04, -3.869261e-02, 3.625105e-01, 5.512221e-05, 3.300303e-01, 6.787259e-01
33, 1.042470e+00, 1.814410e+01, 1.284894e-03, 4.865357e-18, -4.294800e-01, 1.310225e-03, 3.298744e+02, 3.626963e-01, 3.302033e-01, 2.657717e+00, 2.379880e-02, 3.947674e-02, 5.427496e-05, -3.116832e-14, -2.602085e-18, -5.260463e-01, -2.727446e-18, -1.192622e-18, 3.724858e-03, 2.422514e-18, 1.517883e-18, -2.894820e-17, 8.156259e-01, 6.019011e-01, 5.742951e-01, 1.572441e+00, 6.655466e-01, 5.076142e-04, 3.944028e-02, 3.624196e-01, 4.880369e-05, 3.299548e-01, 6.789605e-01
34, 1.126811e+00, 1.805455e+01, 1.774997e-03, 5.719166e-18, -4.515550e-01, 1.353210e-03, 3.267161e+02, 3.899832e-01, 3.429579e-01, 2.742160e+00, 3.213298e-02, 1.173264e-01, 5.269753e-05, -3.100482e-14, 8.673617e-19, -1.535810e+00, -5.329531e-18, 1.626303e-19, 5.540086e-03, 4.399489e-18, -1.463673e-18, 4.336809e-17, 8.649526e-01, 6.241335e-01, 5.852813e-01, 1.592947e+00, 7.484975e-01, 1.058782e-04, 1.172292e-01, 3.896945e-01, 4.829118e-05, 3.426995e-01, 7.404457e-01
35, 1.209393e+00, 1.788571e+01, 2.218193e-03, 5.990217e-18, -4.933339e-01, 1.427357e-03, 3.207967e+02, 4.416742e-01, 3.672773e-01, 2.904573e+00, 3.939003e-02, 1.939926e-01, 3.552434e-06, -3.073095e-14, -3.035766e-18, -2.448998e+00, -5.583641e-18, 3.740497e-18, 4.660898e-03, 1.028637e-17, -3.252607e-18, 6.830474e-18, 9.469930e-01, 6.642080e-01, 6.056807e-01, 1.631024e+00, 8.972239e-01, -2.737301e-04, 1.938378e-01, 4.413528e-01, 4.685711e-06, 3.670053e-01, 8.527910e-01
36, 1.289149e+00, 1.765385e+01, 2.537424e-03, 6.315478e-18, -5.506028e-01, 1.514675e-03, 3.127482e+02, 5.123840e-01, 4.007417e-01, 3.133127e+00, 4.470309e-02, 2.684946e-01, 7.090798e-05, -3.029391e-14, -8.239937e-18, -3.245581e+00, -4.363914e-18, 4.472334e-18, 6.746272e-03, 9.544367e-18, 1.138412e-18, 2.276825e-18, 1.043185e+00, 7.154027e-01, 6.326783e-01, 1.681895e+00, 1.088738e+00, -8.501057e-05, 2.682856e-01, 5.120106e-01, 7.514167e-05, 4.004503e-01, 1.000600e+00
37, 1.365160e+00, 1.737617e+01, 3.276445e-03, 6.423898e-18, -6.181188e-01, 1.598200e-03, 3.032398e+02, 5.955400e-01, 4.399495e-01, 3.413864e+00, 5.689562e-02, 3.397339e-01, 9.927004e-05, -2.983030e-14, 4.336809e-18, -3.943916e+00, -4.252105e-18, 2.954451e-18, 7.741661e-03, 6.611939e-18, 4.472334e-18, -3.252607e-18, 1.143101e+00, 7.712692e-01, 6.629103e-01, 1.740778e+00, 1.307257e+00, -1.832929e-05, 3.394691e-01, 5.951010e-01, 1.049618e-04, 4.396322e-01, 1.170995e+00
38, 1.436690e+00, 1.706737e+01, 3.686515e-03, 6.044427e-18, -6.905043e-01, 1.665135e-03, 2.928418e+02, 6.846320e-01, 4.811110e-01, 3.733665e+00, 6.273417e-02, 4.066315e-01, 8.170770e-05, -2.929135e-14, 1.940722e-17, -4.591172e+00, -6.998186e-18, 2.168404e-19, 2.190957e-03, 2.519500e-18, 9.134403e-18, -1.073360e-17, 1.242821e+00, 8.269474e-01, 6.932307e-01, 1.804178e+00, 1.545265e+00, -1.506294e-04, 4.063061e-01, 6.841218e-01, 9.159576e-05, 4.807674e-01, 1.355077e+00
39, 1.503207e+00, 1.673739e+01, 3.578287e-03, 5.149960e-18, -7.624398e-01, 1.708023e-03, 2.819474e+02, 7.726864e-01, 5.201040e-01, 4.079188e+00, 5.970878e-02, 4.684750e-01, 1.474716e-05, -2.874708e-14, 2.168404e-17, -5.244275e+00, -7.826584e-19, -3.794708e-19, -5.784637e-03, 5.421011e-20, 1.219727e-17, -6.505213e-18, 1.343434e+00, 8.785142e-01, 7.207776e-01, 1.869682e+00, 1.805594e+00, -1.425642e-04, 4.680910e-01, 7.721041e-01, 2.584233e-05, 5.197358e-01, 1.548717e+00
40, 1.564377e+00, 1.639249e+01, 2.927884e-03, 5.664956e-18, -8.278500e-01, 1.722993e-03, 2.708130e+02, 8.530848e-01, 5.520875e-01, 4.431309e+00, 4.787143e-02, 5.246203e-01, 5.030587e-06, -2.813624e-14, 3.968180e-17, -5.955268e+00, -2.127747e-18, 4.336809e-19, -1.181857e-02, -1.468755e-18, 7.372575e-18, -3.794708e-18, 1.447906e+00, 9.230946e-01, 7.426061e-01, 1.934794e+00, 2.097329e+00, -7.669720e-05, 5.241818e-01, 8.524484e-01, 1.623334e-05, 5.516946e-01, 1.750736e+00
41, 1.620060e+00, 1.603603e+01, 2.161942e-03, 4.174178e-18, -8.801653e-01, 1.707966e-03, 2.595874e+02, 9.195472e-01, 5.716920e-01, 4.764588e+00, 3.506184e-02, 5.739706e-01, -2.825081e-05, -2.752562e-14, 5.355959e-17, -6.797488e+00, -1.324760e-17, 3.713392e-18, -1.294739e-02, -4.140297e-18, 9.649399e-18, -2.070826e-17, 1.558846e+00, 9.583882e-01, 7.556703e-01, 1.996741e+00, 2.431011e+00, 4.315946e-04, 5.734839e-01, 9.188762e-01, -1.959344e-05, 5.712781e-01, 1.960582e+00
42, 1.670277e+00, 1.566698e+01, 1.539016e-03, 3.604972e-18, -9.134809e-01, 1.663461e-03, 2.482785e+02, 9.680470e-01, 5.738135e-01, 5.050352e+00, 2.501845e-02, 6.158241e-01, -4.628401e-05, -2.689320e-14, 4.228388e-17, -7.891358e+00, -7.928228e-18, 2.574980e-18, -1.136826e-02, -5.022905e-18, 1.035413e-17, -3.306817e-17, 1.679469e+00, 9.833360e-01, 7.570688e-01, 2.052475e+00, 2.821755e+00, 9.370645e-04, 6.153009e-01, 9.673399e-01, -3.863723e-05, 5.733922e-01, 2.181244e+00
43, 1.715186e+00, 1.527945e+01, 1.093023e-03, 1.490778e-18, -9.240602e-01, 1.592077e-03, 2.367509e+02, 9.964404e-01, 5.552331e-01, 5.264029e+00, 1.798032e-02, 6.495216e-01, 8.229115e-05, -2.623162e-14, 2.753874e-17, -9.408456e+00, 4.777266e-18, 2.398797e-18, -8.035667e-03, -1.286643e-18, 1.810618e-17, -2.656295e-17, 1.812472e+00, 9.976474e-01, 7.447119e-01, 2.099193e+00, 3.286336e+00, 1.313312e-03, 6.489669e-01, 9.957028e-01, 9.103497e-05, 5.548245e-01, 2.418432e+00
44, 1.755046e+00, 1.486314e+01, 8.781382e-04, 7.589415e-19, -9.116739e-01, 1.497790e-03, 2.247547e+02, 1.005589e+00, 5.159137e-01, 5.390809e+00, 1.436282e-02, 6.740580e-01, 1.494792e-04, -2.551941e-14, 3.707971e-17, -1.159158e+01, 9.988213e-18, 4.391019e-18, -3.097051e-03, 9.351244e-19, 1.138412e-17, -2.949030e-17, 1.958810e+00, 1.002217e+00, 7.178566e-01, 2.134458e+00, 3.838339e+00, 1.355938e-03, 6.734837e-01, 1.004849e+00, 1.561032e-04, 5.155341e-01, 2.679361e+00
45, 1.790190e+00, 1.440317e+01, 8.708016e-04, 8.402567e-19, -8.801140e-01, 1.384964e-03, 2.119327e+02, 9.985693e-01, 4.593837e-01, 5.430744e+00, 1.369760e-02, 6.874504e-01, 1.714151e-04, -2.473488e-14, 4.813858e-17, -1.477460e+01, 1.062518e-17, 1.246832e-18, 1.148444e-03, 2.013821e-18, 1.479936e-17, -4.770490e-18, 2.115599e+00, 9.987186e-01, 6.773793e-01, 2.156905e+00, 4.477252e+00, 1.200048e-03, 6.868717e-01, 9.978474e-01, 1.738299e-04, 4.590448e-01, 2.967072e+00
46, 1.820992e+00, 1.388113e+01, 9.547632e-04, 8.131516e-20, -8.360930e-01, 1.257189e-03, 1.978739e+02, 9.770073e-01, 3.918200e-01, 5.395917e+00, 1.426360e-02, 6.876224e-01, 1.579435e-04, -2.382751e-14, 7.329207e-17, -1.936115e+01, 8.202667e-18, -4.770490e-18, 1.973542e-03, 3.892116e-18, 1.816039e-17, -1.333569e-17, 2.276361e+00, 9.878767e-01, 6.255744e-01, 2.166307e+00, 5.183394e+00, 1.043429e-03, 6.870555e-01, 9.763054e-01, 1.575809e-04, 3.915308e-01, 3.275615e+00
47, 1.847851e+00, 1.327800e+01, 9.821460e-04, -3.252607e-19, -7.873306e-01, 1.117146e-03, 1.822201e+02, 9.411470e-01, 3.202665e-01, 5.306191e+00, 1.387672e-02, 6.723495e-01, 1.047626e-04, -2.282419e-14, 1.040834e-16, -2.578895e+01, 5.051704e-18, -1.170938e-17, -9.827861e-04, 3.500787e-18, 2.206351e-17, -1.192622e-18, 2.430618e+00, 9.695751e-01, 5.655625e-01, 2.163868e+00, 5.909536e+00, 8.519796e-04, 6.718086e-01, 9.404683e-01, 1.035876e-04, 3.200314e-01, 3.585018e+00
48, 1.871164e+00, 1.257707e+01, 9.029543e-04, -2.168404e-19, -7.408875e-01, 9.678150e-04, 1.647648e+02, 8.900506e-01, 2.510798e-01, 5.183607e+00, 1.205153e-02, 6.394820e-01, 4.869988e-05, -2.160707e-14, 1.309716e-16, -3.448477e+01, 1.128248e-18, -1.246832e-17, -5.179368e-03, 2.290377e-18, 1.767250e-17, 1.084202e-18, 2.564148e+00, 9.428844e-01, 5.007471e-01, 2.151925e+00, 6.576497e+00, 6.951984e-04, 6.389807e-01, 8.894070e-01, 4.795526e-05, 2.508975e-01, 3.858401e+00
49, 1.891322e+00, 1.176711e+01, 7.556306e-04, -2.778268e-19, -7.016623e-01, 8.142496e-04, 1.455503e+02, 8.232231e-01, 1.889570e-01, 5.049618e+00, 9.555924e-03, 5.876949e-01, 1.248280e-05, -2.021473e-14, 1.526557e-16, -4.575395e+01, -6.810145e-19, -1.019150e-17, -7.990576e-03, 1.090978e-18, 1.482646e-17, 6.505213e-18, 2.660428e+00, 9.067926e-01, 4.343905e-01, 2.133890e+00, 7.079481e+00, 6.550745e-04, 5.872463e-01, 8.226307e-01, 1.220560e-05, 1.888217e-01, 4.045467e+00
50, 1.908691e+00, 1.084654e+01, 6.026381e-04, 8.131516e-20, -6.706622e-01, 6.637698e-04, 1.249594e+02, 7.430122e-01, 1.365754e-01, 4.920781e+00, 7.148380e-03, 5.175360e-01, 1.133618e-07, -1.863191e-14, 1.578598e-16, -5.959850e+01, -1.175682e-18, -1.295622e-17, -8.690037e-03, 2.100642e-19, 9.947555e-18, 3.903128e-18, 2.702651e+00, 8.614809e-01, 3.692910e-01, 2.113606e+00, 7.305868e+00, 6.030778e-04, 5.171496e-01, 7.424839e-01, 5.593097e-08, 1.364787e-01, 4.092415e+00
51, 1.923614e+00, 9.827367e+00, 4.753703e-04, -3.388132e-21, -6.445856e-01, 5.246940e-04, 1.037486e+02, 6.545331e-01, 9.478203e-02, 4.805569e+00, 5.131591e-03, 4.326655e-01, 1.014256e-06, -1.689675e-14, 1.361758e-16, -7.552908e+01, -3.354250e-19, -7.047314e-18, -8.148301e-03, 1.736418e-20, 6.715277e-18, 0.000000e+00, 2.676588e+00, 8.085592e-01, 3.076286e-01, 2.094411e+00, 7.165617e+00, 4.581734e-04, 4.323478e-01, 6.540751e-01, 1.040019e-06, 9.471560e-02, 3.957204e+00
52, 1.936403e+00, 8.736973e+00, 3.771242e-04, -3.726945e-20, -6.172254e-01, 4.041391e-04, 8.296846e+01, 5.638020e-01, 6.306787e-02, 4.703788e+00, 3.541326e-03, 3.402830e-01, 4.200997e-06, -1.500113e-14, 1.153591e-16, -9.249410e+01, 3.455894e-19, -5.475221e-18, -7.318343e-03, 1.977822e-19, 3.838753e-18, -4.011548e-18, 2.574291e+00, 7.504230e-01, 2.509265e-01, 2.078321e+00, 6.628443e+00, 2.533429e-04, 3.400360e-01, 5.634135e-01, 4.262930e-06, 6.302399e-02, 3.627440e+00
53, 1.947340e+00, 7.615569e+00, 3.012771e-04, -1.236668e-19, -5.822389e-01, 3.059136e-04, 6.375196e+01, 4.756236e-01, 4.011759e-02, 4.608840e+00, 2.337136e-03, 2.499070e-01, 5.582194e-06, -1.308486e-14, 1.214306e-16, -1.090549e+02, 2.015938e-19, -8.375462e-18, -6.655983e-03, 1.410310e-19, 1.453509e-18, 1.084202e-18, 2.397714e+00, 6.892378e-01, 2.001183e-01, 2.065559e+00, 5.750485e+00, 5.691284e-05, 2.497272e-01, 4.752996e-01, 5.655885e-06, 4.008982e-02, 3.132937e+00
54, 1.956676e+00, 6.508774e+00, 2.408887e-04, -3.981055e-20, -5.357530e-01, 2.295503e-04, 4.703500e+01, 3.926396e-01, 2.428288e-02, 4.512915e+00, 1.472717e-03, 1.705586e-01, 4.869761e-06, -1.117959e-14, 9.540979e-17, -1.237956e+02, 9.410536e-19, -3.821813e-18, -6.222394e-03, 1.711007e-19, 7.691059e-19, -5.421011e-19, 2.160038e+00, 6.262206e-01, 1.556842e-01, 2.054912e+00, 4.667176e+00, -7.712080e-05, 1.704367e-01, 3.923742e-01, 4.936594e-06, 2.426612e-02, 2.541908e+00
55, 1.964632e+00, 5.458106e+00, 1.916105e-04, 3.388132e-21, -4.775692e-01, 1.714469e-04, 3.334098e+01, 3.159275e-01, 1.390047e-02, 4.412042e+00, 8.921831e-04, 1.079438e-01, 3.182342e-06, -9.374066e-15, 9.150666e-17, -1.357584e+02, 5.082198e-21, -2.602085e-18, -5.902746e-03, 2.704153e-19, -1.219727e-19, 3.252607e-18, 1.883075e+00, 5.617147e-01, 1.177833e-01, 2.044708e+00, 3.547272e+00, -1.352979e-04, 1.078671e-01, 3.157148e-01, 3.232022e-06, 1.389089e-02, 1.938439e+00
56, 1.971403e+00, 4.493672e+00, 1.511574e-04, 4.235165e-21, -4.108912e-01, 1.271723e-04, 2.272907e+01, 2.461794e-01, 7.467456e-03, 4.308477e+00, 5.255092e-04, 6.333430e-02, 1.657292e-06, -7.725293e-15, 7.936360e-17, -1.446571e+02, -8.809143e-20, -3.144186e-18, -5.594711e-03, 3.576597e-19, 9.486769e-20, 4.662069e-18, 1.591503e+00, 4.958372e-01, 8.632361e-02, 2.033859e+00, 2.533993e+00, -1.376398e-04, 6.328946e-02, 2.460139e-01, 1.688186e-06, 7.462309e-03, 1.393734e+00
57, 1.977160e+00, 3.631613e+00, 1.180723e-04, 2.795209e-20, -3.410213e-01, 9.311486e-05, 1.489855e+01, 1.843389e-01, 3.727626e-03, 4.209904e+00, 3.033928e-04, 3.444941e-02, 7.057912e-07, -6.240830e-15, 5.724587e-17, -1.507875e+02, -2.138758e-19, -2.412350e-18, -5.272356e-03, 3.906939e-19, -1.439956e-19, 1.463673e-18, 1.306807e+00, 4.290550e-01, 6.098668e-02, 2.022529e+00, 1.708607e+00, -1.127206e-04, 3.442510e-02, 1.842150e-01, 7.218533e-07, 3.725055e-03, 9.482735e-01
58, 1.982048e+00, 2.875856e+00, 9.109365e-05, 2.795209e-20, -2.734818e-01, 6.680571e-05, 9.361172e+00, 1.314610e-01, 1.705524e-03, 4.125655e+00, 1.719998e-04, 1.733085e-02, 2.371794e-07, -4.934624e-15, 4.640385e-17, -1.547596e+02, -2.380163e-19, -1.897354e-19, -4.957859e-03, 2.698859e-19, -3.100141e-19, -3.469447e-18, 1.043630e+00, 3.623219e-01, 4.125012e-02, 2.011951e+00, 1.089772e+00, -8.084026e-05, 1.731865e-02, 1.313726e-01, 2.440117e-07, 1.704347e-03, 6.114245e-01
59, 1.986197e+00, 2.221956e+00, 6.905065e-05, 1.376429e-20, -2.123936e-01, 4.657967e-05, 5.593001e+00, 8.825662e-02, 7.006006e-04, 4.062138e+00, 9.520637e-05, 7.998404e-03, 4.813989e-08, -3.814630e-15, 3.556183e-17, -1.572308e+02, 1.651714e-20, -2.168404e-19, -4.680032e-03, 2.003101e-19, -2.295459e-19, -1.246832e-18, 8.093285e-01, 2.968672e-01, 2.643695e-02, 2.003538e+00, 6.554013e-01, -5.216944e-05, 7.992782e-03, 8.819721e-02, 5.035655e-08, 7.001166e-04, 3.721493e-01
60, 1.989715e+00, 1.660925e+00, 5.093118e-05, 1.058791e-20, -1.598181e-01, 3.122469e-05, 3.125998e+00, 5.479081e-02, 2.498238e-04, 4.020433e+00, 5.058311e-05, 3.320685e-03, -9.749855e-09, -2.855734e-15, 2.753874e-17, -1.587472e+02, 2.329341e-20, 9.215718e-19, -4.453864e-03, 1.218007e-19, -1.338312e-19, -4.336809e-19, 6.056528e-01, 2.339031e-01, 1.578609e-02, 1.998016e+00, 3.670400e-01, -3.034625e-05, 3.318354e-03, 5.475389e-02, -9.336633e-09, 2.496510e-04, 2.110218e-01
61, 1.992697e+00, 1.182048e+00, 3.592425e-05, 9.740879e-21, -1.160389e-01, 1.978355e-05, 1.583273e+00, 3.046806e-02, 7.285784e-05, 3.997154e+00, 2.489733e-05, 1.189719e-03, -1.646094e-08, -2.031707e-15, 2.103352e-17, -1.596949e+02, -5.145725e-20, 6.505213e-19, -4.280208e-03, 6.854349e-20, -1.109613e-19, -2.276825e-18, 4.310172e-01, 1.744211e-01, 8.524702e-03, 1.995215e+00, 1.858911e-01, -1.559173e-05, 1.188885e-03, 3.044751e-02, -1.652395e-08, 7.280740e-05, 1.082057e-01
62, 1.995222e+00, 7.745559e-01, 2.340625e-05, -1.164670e-21, -8.020561e-02, 1.146001e-05, 6.797613e-01, 1.420938e-02, 1.545358e-05, 3.987055e+00, 1.056543e-05, 3.363464e-04, -9.188721e-09, -1.331620e-15, 1.539567e-17, -1.603183e+02, -8.046813e-20, 4.540097e-19, -4.152309e-03, 3.091670e-20, -7.072725e-20, -6.776264e-20, 2.823344e-01, 1.191131e-01, 3.925911e-03, 1.994448e+00, 7.976226e-02, -6.672792e-06, 3.361110e-04, 1.419979e-02, -9.271092e-09, 1.544287e-05, 4.698875e-02
63, 1.997361e+00, 4.284533e-01, 1.290309e-05, 4.446923e-21, -5.078610e-02, 5.575881e-06, 2.079859e-01, 4.682338e-03, 1.816470e-06, 3.985278e+00, 3.233890e-06, 6.011332e-05, -2.679474e-09, -7.363596e-16, 6.993104e-18, -1.607602e+02, -4.266928e-20, 5.658180e-19, -4.060419e-03, 1.296027e-20, -1.884648e-20, 1.497554e-18, 1.561396e-01, 6.837529e-02, 1.345941e-03, 1.994967e+00, 2.439466e-02, -2.010461e-06, 6.007129e-05, 4.679174e-03, -2.706204e-09, 1.815211e-06, 1.453783e-02
64, 1.999170e+00, 1.348334e-01, 4.052163e-06, 5.085506e-21, -2.504841e-02, 1.542294e-06, 2.059753e-02, 4.970502e-04, 5.927384e-08, 3.988789e+00, 3.235425e-07, 3.234415e-06, -2.186549e-10, -2.316254e-16, 2.493665e-18, -1.611124e+02, -1.326136e-20, 1.922765e-19, -3.942156e-03, -3.185455e-10, -8.882282e-09, -2.625802e-18, 4.913354e-02, 2.227739e-02, 2.431256e-04, 1.996333e+00, 2.415594e-03, -1.936956e-07, 3.232157e-06, 4.967140e-04, -2.207678e-10, 5.923272e-08, 1.456183e-03
