#k, z, Conve11, Conve12, Conve13, Conve22, Conve23, Conve33, Produ11, Produ12, Produ13, Produ22, Produ23, Produ33, Tdiff11, Tdiff12, Tdiff13, Tdiff22, Tdiff23, Tdiff33, Pdiff11, Pdiff12, Pdiff13, Pdiff22, Pdiff23, Pdiff33, Vdiff11, Vdiff12, Vdiff13, Vdiff22, Vdiff23, Vdiff33, Pstra11, Pstra12, Pstra13, Pstra22, Pstra23, Pstra33, Dissi11, Dissi12, Dissi13, Dissi22, Dissi23, Dissi33, B11, B12, B13, B22, B23, B33
1, 8.295879e-04, -6.234067e-06, -2.301401e-08, 8.413580e-08, 1.274342e-07, -1.607283e-10, -1.019052e-09, 2.390308e-03, -1.182186e-07, -2.520910e-05, -2.218341e-07, 1.524381e-09, 4.066495e-10, 3.522027e-03, 6.524203e-07, -4.679160e-05, -9.627499e-05, 2.696753e-08, 5.509316e-07, -1.248103e-18, 9.080193e-19, -4.379497e+00, 1.670349e-18, 9.451157e-03, 5.557259e-01, 4.210484e+01, 1.675176e-02, -1.888568e-01, 7.613922e+00, 2.351834e-06, 6.993291e-03, 4.283492e-02, 3.665537e-04, 5.841063e+00, 2.371078e-01, -2.571849e-03, -5.581163e-01, 5.205226e+01, 2.460229e-02, -1.817549e-01, 8.060325e+00, -1.837300e-04, 5.967134e-03, -9.898663e+00, -7.483418e-03, 1.454393e+00, -2.093920e-01, 7.065418e-03, -1.363689e-03
2, 2.639493e-03, -1.280265e-04, -4.055056e-07, 2.505538e-06, 1.964387e-06, -5.040552e-09, -4.574128e-08, 4.407885e-02, -2.679287e-06, -7.554693e-04, -4.851765e-06, 4.599409e-08, 2.385114e-08, 7.233042e-02, 9.365811e-06, -1.393169e-03, -1.603806e-03, 7.221162e-07, 2.472008e-05, -1.988833e-18, 3.821813e-18, -5.447131e+00, 7.020209e-18, 1.247827e-02, 1.002105e+00, 5.310482e+01, 1.814382e-02, -5.606176e-01, 7.974309e+00, 1.042505e-05, 3.495951e-02, 8.929588e-02, 1.117758e-03, 5.577644e+00, 6.701495e-01, -1.248211e-02, -1.010986e+00, 5.202609e+01, 1.674092e-02, -3.824924e-01, 7.106381e+00, 7.924352e-06, 2.251596e-02, 1.284570e+00, 2.527752e-03, -4.976324e-02, 1.536467e+00, -5.652480e-07, 3.587914e-03
3, 4.777859e-03, -7.012158e-04, -1.716321e-06, 2.062134e-05, 1.002271e-05, -3.719437e-08, -5.486480e-07, 2.438117e-01, -1.538281e-05, -6.313860e-03, -2.530081e-05, 3.748287e-07, 3.449586e-07, 3.958656e-01, 3.481173e-05, -1.145943e-02, -8.121480e-03, 4.975870e-06, 2.967301e-04, -6.142683e-18, 8.483882e-18, -4.892583e+00, 9.351244e-18, 1.257623e-02, 1.510740e+00, 5.248332e+01, 1.426994e-02, -9.942093e-01, 6.078587e+00, 3.088997e-05, 8.780971e-02, 8.591052e-02, 1.948541e-03, 5.126932e+00, 1.083235e+00, -1.258627e-02, -1.530208e+00, 5.196844e+01, 1.465497e-02, -6.797089e-01, 6.170785e+00, 1.981000e-05, 6.041225e-02, 1.241168e+00, 1.584652e-03, -9.794500e-02, 9.828804e-01, 6.426122e-06, 8.227540e-03
4, 7.303384e-03, -2.334920e-03, -3.787954e-06, 9.407343e-05, 3.141954e-05, -1.490811e-07, -3.401661e-06, 8.489387e-01, -5.556580e-05, -2.922090e-02, -7.870264e-05, 1.698439e-06, 2.301402e-06, 1.317150e+00, 6.936671e-05, -5.222382e-02, -2.512834e-02, 1.745332e-05, 1.841073e-03, -5.590417e-18, 8.131516e-18, -4.119775e+00, 9.053088e-18, 1.253563e-02, 1.892833e+00, 5.068586e+01, 1.003916e-02, -1.473517e+00, 4.291156e+00, 7.132255e-05, 1.625557e-01, 1.257981e-02, 2.867250e-03, 4.496653e+00, 1.464129e+00, -1.255704e-02, -1.926392e+00, 5.168773e+01, 1.241171e-02, -1.023139e+00, 5.269251e+00, 4.424711e-05, 1.164546e-01, 1.179136e+00, 5.122864e-04, -1.550386e-01, 4.607949e-01, 2.497598e-05, 1.438875e-02
5, 1.028489e-02, -5.837432e-03, -3.983855e-06, 3.027728e-04, 7.376362e-05, -4.351647e-07, -1.413204e-05, 2.313618e+00, -1.595903e-04, -9.785792e-02, -1.841929e-04, 5.581576e-06, 9.924063e-06, 3.291398e+00, 7.109825e-05, -1.678303e-01, -5.842827e-02, 3.344595e-05, 7.646000e-03, -9.195390e-18, 1.496199e-17, -3.148055e+00, 1.718460e-17, 1.211567e-02, 2.119862e+00, 4.641309e+01, 5.638333e-03, -1.937843e+00, 2.672322e+00, 1.338894e-04, 2.505834e-01, -1.520619e-01, 3.881454e-03, 3.735735e+00, 1.805604e+00, -1.215120e-02, -2.169450e+00, 5.081884e+01, 1.014568e-02, -1.389341e+00, 4.428285e+00, 8.745120e-05, 1.876221e-01, 1.053040e+00, -7.103955e-04, -2.268124e-01, -9.045529e-03, 5.036686e-05, 2.104351e-02
6, 1.380293e-02, -1.177244e-02, 4.590432e-06, 7.590616e-04, 1.422820e-04, -1.088396e-06, -4.423783e-05, 5.370445e+00, -3.965295e-04, -2.656676e-01, -3.546279e-04, 1.492458e-05, 3.174321e-05, 6.639167e+00, -1.033353e-04, -4.199729e-01, -1.115728e-01, 1.207597e-05, 2.388628e-02, -1.341023e-17, 2.059984e-17, -2.038156e+00, 1.642566e-17, 1.098692e-02, 2.175843e+00, 3.820707e+01, 1.527849e-03, -2.277810e+00, 1.301034e+00, 2.106629e-04, 3.382498e-01, -4.276964e-01, 4.990305e-03, 2.944989e+00, 2.108924e+00, -1.102971e-02, -2.241935e+00, 4.892510e+01, 8.123747e-03, -1.728447e+00, 3.695136e+00, 1.534688e-04, 2.686003e-01, 8.756600e-01, -2.110049e-03, -3.289302e-01, -3.972468e-01, 4.249355e-05, 2.751992e-02
7, 1.795158e-02, -1.954543e-02, 3.138966e-05, 1.551222e-03, 2.393486e-04, -2.632659e-06, -1.113262e-04, 1.100309e+01, -8.743700e-04, -6.177309e-01, -5.857742e-04, 3.433615e-05, 8.108681e-05, 1.103884e+01, -7.730141e-04, -8.565697e-01, -1.836698e-01, -8.846523e-05, 5.992263e-02, -1.278003e-17, 2.851452e-17, -9.065536e-01, 2.298509e-17, 8.761837e-03, 2.063532e+00, 2.529297e+01, -1.464755e-03, -2.357013e+00, 2.625447e-01, 2.879076e-04, 4.094092e-01, -8.277714e-01, 6.169133e-03, 2.277422e+00, 2.386021e+00, -8.810708e-03, -2.145126e+00, 4.571709e+01, 6.762921e-03, -1.969566e+00, 3.137646e+00, 2.416143e-04, 3.533696e-01, 8.095841e-01, -3.737316e-03, -4.924298e-01, -6.735744e-01, -5.407418e-05, 3.456079e-02
8, 2.284046e-02, -2.646248e-02, 7.950480e-05, 2.633827e-03, 3.667011e-04, -6.201548e-06, -2.347380e-04, 2.016346e+01, -1.709235e-03, -1.265331e+00, -8.469636e-04, 6.931482e-05, 1.730676e-04, 1.500443e+01, -1.908584e-03, -1.451649e+00, -2.679413e-01, -1.233591e-04, 1.260005e-01, -1.162807e-17, 2.428613e-17, 7.035779e-02, 2.211772e-17, 5.076546e-03, 1.808733e+00, 8.743467e+00, -2.495104e-03, -2.073567e+00, -3.875202e-01, 3.536110e-04, 4.499616e-01, -1.353724e+00, 7.348113e-03, 1.917066e+00, 2.658271e+00, -5.189552e-03, -1.902036e+00, 4.137364e+01, 6.509850e-03, -2.044714e+00, 2.825626e+00, 3.423447e-04, 4.378011e-01, 1.210449e+00, -5.354164e-03, -7.610436e-01, -8.240305e-01, -1.495831e-04, 4.526648e-02
9, 2.859688e-02, -2.798871e-02, 1.352235e-04, 3.726315e-03, 5.233940e-04, -1.310379e-05, -4.267583e-04, 3.312289e+01, -2.938183e-03, -2.316596e+00, -1.076285e-03, 1.208246e-04, 3.172198e-04, 1.603130e+01, -2.486975e-03, -2.049856e+00, -3.494572e-01, 3.303599e-04, 2.287434e-01, 1.165517e-18, 4.987330e-17, 6.833479e-01, 2.623769e-17, -2.183010e-04, 1.458600e+00, -8.018832e+00, -1.721593e-03, -1.438473e+00, -6.704644e-01, 3.824802e-04, 4.525395e-01, -1.989858e+00, 8.399190e-03, 2.028915e+00, 2.949740e+00, -1.364632e-04, -1.553657e+00, 3.669216e+01, 7.370512e-03, -1.924842e+00, 2.793791e+00, 4.333158e-04, 5.221339e-01, 2.481325e+00, -6.253297e-03, -1.171546e+00, -8.655722e-01, 5.868857e-05, 6.483572e-02
10, 3.536819e-02, -2.021898e-02, 1.654382e-04, 4.347961e-03, 6.920689e-04, -2.378751e-05, -6.847694e-04, 4.866036e+01, -4.388319e-03, -3.819795e+00, -1.190136e-03, 1.697353e-04, 5.100818e-04, 1.196101e+01, -1.567008e-03, -2.385672e+00, -4.040206e-01, 1.574869e-03, 3.672043e-01, -3.252607e-19, 4.293441e-17, 7.647341e-01, 3.946496e-17, -6.624625e-03, 1.069488e+00, -2.044335e+01, 2.500745e-05, -6.079954e-01, -7.023769e-01, 3.032250e-04, 4.186566e-01, -2.702126e+00, 9.159446e-03, 2.684724e+00, 3.274360e+00, 5.848751e-03, -1.145950e+00, 3.275388e+01, 8.717679e-03, -1.644867e+00, 3.007157e+00, 4.884611e-04, 6.117645e-01, 4.742232e+00, -5.653990e-03, -1.723486e+00, -8.410770e-01, 8.072820e-04, 9.882947e-02
11, 4.332422e-02, -3.305503e-03, 1.207976e-04, 4.047794e-03, 8.181303e-04, -3.634789e-05, -9.879366e-04, 6.376705e+01, -5.500476e-03, -5.689624e+00, -1.132752e-03, 1.008831e-04, -1.211042e-03, 2.895095e+00, 7.823616e-04, -2.211862e+00, -4.076302e-01, 2.837223e-03, 5.320965e-01, -1.574804e-17, 6.548581e-17, 2.869343e-01, 4.250073e-17, -1.252417e-02, 6.872870e-01, -2.540483e+01, 1.885922e-03, 1.741458e-01, -6.451210e-01, 8.285914e-05, 3.566523e-01, -3.442479e+00, 9.573263e-03, 3.795700e+00, 3.621004e+00, 1.154860e-02, -7.116947e-01, 3.020860e+01, 9.786241e-03, -1.295516e+00, 3.360590e+00, 5.111719e-04, 7.149883e-01, 7.609539e+00, -3.165968e-03, -2.353239e+00, -7.942875e-01, 1.570570e-03, 1.491297e-01
12, 5.265970e-02, 1.740591e-02, -4.945785e-05, 2.680689e-03, 8.067558e-04, -4.232326e-05, -1.294634e-03, 7.457083e+01, -5.280835e-03, -7.738466e+00, -9.495037e-04, -6.414175e-05, 3.400933e-03, -8.127882e+00, 4.139702e-03, -1.466546e+00, -3.572936e-01, 2.545495e-03, 7.053840e-01, -4.255494e-18, 9.627715e-17, -5.839660e-01, 4.466913e-17, -1.569822e-02, 3.341431e-01, -2.311371e+01, 1.663694e-03, 6.974038e-01, -6.134436e-01, -1.646353e-04, 2.770539e-01, -4.156799e+00, 9.906962e-03, 5.104528e+00, 3.946363e+00, 1.548552e-02, -2.593403e-01, 2.879075e+01, 9.846287e-03, -9.830651e-01, 3.722133e+00, 5.288890e-04, 8.380929e-01, 1.036428e+01, 6.326932e-04, -3.006661e+00, -7.482640e-01, 1.617454e-03, 2.238434e-01
13, 6.359653e-02, 3.392874e-02, -3.622550e-04, 5.452289e-04, 6.066641e-04, -2.528966e-05, -1.535581e-03, 7.824032e+01, -3.011622e-03, -9.594618e+00, -7.437086e-04, -6.907975e-04, 1.090054e-03, -1.677765e+01, 8.522135e-03, -3.454880e-01, -2.796901e-01, -1.658365e-04, 8.560611e-01, 3.268870e-17, 8.847090e-17, -1.538062e+00, 2.558717e-17, -1.528477e-02, 1.430883e-02, -1.665918e+01, -2.964040e-03, 8.873681e-01, -6.211257e-01, -3.229027e-04, 1.890298e-01, -4.793589e+00, 1.049525e-02, 6.266992e+00, 4.186015e+00, 1.710368e-02, 2.206698e-01, 2.758369e+01, 8.213761e-03, -7.823086e-01, 3.988798e+00, 5.174824e-04, 9.806228e-01, 1.239228e+01, 5.190221e-03, -3.542045e+00, -7.049492e-01, 1.471764e-04, 3.020724e-01
14, 7.638577e-02, 4.040935e-02, -7.195216e-04, -1.663807e-03, 3.409575e-04, 1.249158e-05, -1.627030e-03, 7.446514e+01, 4.772061e-04, -1.097493e+01, -5.550129e-04, -1.724321e-03, 1.100949e-03, -2.019832e+01, 1.004673e-02, 7.923080e-01, -2.134757e-01, -3.545757e-03, 9.370477e-01, 5.144539e-17, 5.247539e-17, -2.257021e+00, 2.341877e-17, -1.341251e-02, -2.654587e-01, -9.671456e+00, -7.289827e-03, 8.156812e-01, -6.146246e-01, -3.530923e-04, 1.000844e-01, -5.312172e+00, 1.092153e-02, 6.990769e+00, 4.283265e+00, 1.750887e-02, 7.344485e-01, 2.577609e+01, 5.914069e-03, -7.129567e-01, 4.114446e+00, 4.084900e-04, 1.134175e+00, 1.346670e+01, 8.961091e-03, -3.918575e+00, -6.601771e-01, -1.947800e-03, 3.746746e-01
15, 9.130893e-02, 3.691444e-02, -8.105393e-04, -3.249216e-03, 1.597205e-04, 4.296542e-05, -1.526189e-03, 6.530666e+01, 3.523726e-03, -1.168356e+01, -4.530270e-04, -3.070466e-03, 9.442659e-04, -1.841656e+01, 5.423527e-03, 1.618100e+00, -1.842019e-01, -4.506509e-03, 8.964313e-01, 4.228388e-17, 3.903128e-17, -2.553133e+00, 5.204170e-18, -1.219538e-02, -4.805354e-01, -4.338281e+00, -5.542483e-03, 6.207796e-01, -5.483339e-01, -2.420837e-04, 1.725000e-02, -5.687747e+00, 1.028816e-02, 7.150551e+00, 4.218810e+00, 1.776858e-02, 1.262043e+00, 2.314659e+01, 4.930376e-03, -7.480622e-01, 4.102044e+00, 1.913608e-04, 1.285224e+00, 1.368057e+01, 9.573097e-03, -4.095954e+00, -6.163822e-01, -2.480189e-03, 4.124351e-01
16, 1.086783e-01, 2.771761e-02, -4.283751e-04, -3.947714e-03, 2.162627e-04, 8.215294e-05, -1.213620e-03, 5.376896e+01, 6.097035e-03, -1.169880e+01, -3.039456e-04, -4.504744e-03, 5.240346e-04, -1.350674e+01, 2.413161e-03, 1.983668e+00, -1.858492e-01, -4.464332e-03, 7.055709e-01, 2.547875e-18, 3.209238e-17, -2.413447e+00, 1.344411e-17, -1.092784e-02, -5.947649e-01, -1.116228e+00, -3.592908e-03, 4.151724e-01, -4.295186e-01, 1.625735e-04, -5.393372e-02, -5.906316e+00, 8.719876e-03, 6.799411e+00, 4.018683e+00, 1.699615e-02, 1.751148e+00, 1.996645e+01, 3.692223e-03, -8.399256e-01, 3.977322e+00, 5.885647e-05, 1.418886e+00, 1.324551e+01, 1.037332e-02, -4.070123e+00, -5.745264e-01, -2.879201e-03, 3.908717e-01
17, 1.288356e-01, 1.705740e-02, 3.712096e-05, -3.877261e-03, 7.032993e-04, 8.482429e-05, -6.294141e-04, 4.238458e+01, 6.420418e-03, -1.113948e+01, 2.179285e-04, -5.371868e-03, -3.127826e-04, -7.844806e+00, 5.169276e-04, 1.918587e+00, -1.971820e-01, -3.135578e-03, 3.803252e-01, -5.762535e-17, 2.385245e-17, -1.953251e+00, 9.974660e-18, -1.143646e-02, -5.824029e-01, 4.328449e-01, -1.585937e-03, 2.534524e-01, -3.000127e-01, 6.617864e-05, -1.080488e-01, -5.954916e+00, 8.127372e-03, 6.103893e+00, 3.734381e+00, 1.667329e-02, 2.131567e+00, 1.664238e+01, 1.171431e-03, -9.412197e-01, 3.767589e+00, 5.341209e-05, 1.522480e+00, 1.235827e+01, 1.227023e-02, -3.871697e+00, -5.308878e-01, -3.342677e-03, 2.992768e-01
18, 1.521493e-01, 7.145154e-03, 4.402567e-04, -3.274007e-03, 1.041187e-03, -5.330242e-05, 1.328806e-04, 3.260285e+01, 4.035649e-03, -1.019869e+01, 6.011520e-04, -4.697074e-03, -1.297518e-03, -3.037406e+00, -1.125484e-02, 1.556021e+00, -2.085297e-01, 1.432920e-03, -1.056968e-02, -1.446055e-17, 1.647987e-17, -1.340474e+00, 2.558717e-17, -1.231807e-02, -4.511473e-01, 9.344062e-01, 2.355470e-03, 1.469578e-01, -1.958447e-01, -2.197721e-04, -1.398627e-01, -5.825295e+00, 9.026567e-03, 5.263054e+00, 3.415576e+00, 1.593220e-02, 2.340897e+00, 1.350211e+01, 8.816415e-04, -1.015673e+00, 3.497932e+00, -1.082453e-04, 1.586793e+00, 1.116530e+01, 2.840944e-03, -3.554188e+00, -4.871698e-01, 2.917491e-04, 1.510935e-01
19, 1.790077e-01, -1.045839e-03, 5.852955e-04, -2.375965e-03, 6.325542e-04, -6.859554e-05, 8.492981e-04, 2.492474e+01, 3.261098e-03, -9.087903e+00, 3.824163e-04, -3.503556e-03, -1.894590e-03, 2.168433e-01, -1.689705e-02, 1.069883e+00, -2.059447e-01, 2.054636e-03, -3.571661e-01, -5.507747e-17, 1.517883e-17, -7.224833e-01, 2.450297e-17, -1.249620e-02, -2.521349e-01, 9.203722e-01, 4.618026e-03, 8.149056e-02, -1.268358e-01, -1.729908e-04, -1.484552e-01, -5.512679e+00, 9.176482e-03, 4.430262e+00, 3.091618e+00, 1.526884e-02, 2.352654e+00, 1.075012e+01, 2.264070e-03, -1.043413e+00, 3.190259e+00, -5.366662e-04, 1.604848e+00, 9.800197e+00, -2.690811e-03, -3.182962e+00, -4.316721e-01, 1.755990e-03, -1.269419e-02
20, 2.098103e-01, -4.535672e-03, 1.610008e-04, -1.543700e-03, 2.651424e-04, 7.577154e-06, 1.329209e-03, 1.922255e+01, 1.286851e-03, -7.974706e+00, 5.054883e-05, -3.043533e-03, -2.074265e-03, 1.882111e+00, -1.298503e-02, 6.094235e-01, -1.703088e-01, 1.201155e-03, -5.525690e-01, -8.028517e-17, 1.908196e-17, -1.948183e-01, 1.951564e-17, -9.002951e-03, -7.019308e-02, 7.350456e-01, 3.457296e-03, 4.305227e-02, -9.194073e-02, -2.725883e-04, -1.362656e-01, -5.036869e+00, 7.864467e-03, 3.692381e+00, 2.767178e+00, 1.127469e-02, 2.194937e+00, 8.456460e+00, 2.887334e-03, -1.019885e+00, 2.860495e+00, -8.192744e-04, 1.572880e+00, 8.350915e+00, -3.424749e-03, -2.803238e+00, -3.557816e-01, 9.684658e-04, -1.403740e-01
21, 2.449539e-01, -4.990756e-03, -6.211873e-05, -9.667054e-04, 3.457682e-04, 1.231594e-04, 1.463132e-03, 1.511714e+01, -5.847172e-04, -6.948268e+00, 9.386600e-05, -2.875157e-03, -1.962474e-03, 2.387527e+00, -1.308909e-03, 2.507390e-01, -1.057544e-01, 2.284860e-03, -5.552457e-01, -4.228388e-17, 1.474515e-17, 1.971530e-01, 3.989864e-17, 2.713342e-03, 3.260086e-02, 5.105580e-01, -3.486035e-03, 2.156972e-02, -7.403222e-02, 5.073099e-04, -1.084982e-01, -4.457794e+00, 4.471708e-03, 3.067794e+00, 2.441180e+00, -1.739357e-03, 1.932032e+00, 6.600931e+00, 3.579119e-04, -9.526381e-01, 2.522112e+00, -5.475158e-04, 1.491780e+00, 6.961491e+00, -1.203746e-03, -2.457408e+00, -2.609708e-01, 1.315355e-03, -1.943159e-01
22, 2.848143e-01, -3.873491e-03, 2.398944e-04, -4.242513e-04, 5.040435e-04, 1.482877e-04, 1.117133e-03, 1.215369e+01, 2.431699e-03, -6.030889e+00, -2.977211e-04, -3.394245e-03, 2.662719e-03, 2.198844e+00, 5.402150e-04, 2.699257e-02, -4.759404e-02, 6.820214e-03, -4.254744e-01, -2.302574e-17, 9.540979e-18, 4.381585e-01, 6.461845e-17, 1.130917e-02, 5.456357e-02, 3.414009e-01, -2.820125e-03, 1.144795e-02, -5.429806e-02, -3.682045e-04, -7.512940e-02, -3.836732e+00, -9.416968e-04, 2.555266e+00, 2.122235e+00, -1.156787e-02, 1.628682e+00, 5.142772e+00, -1.200371e-03, -8.563902e-01, 2.187402e+00, -2.086471e-04, 1.368320e+00, 5.718304e+00, 1.705683e-04, -2.142209e+00, -1.678612e-01, 2.859429e-03, -1.841331e-01
23, 3.297231e-01, -3.200619e-03, 5.634080e-04, 6.386318e-05, 4.515565e-04, -1.937665e-04, 5.682465e-04, 9.905819e+00, 7.642878e-03, -5.184880e+00, 9.028905e-05, -6.889549e-03, -4.806049e-03, 1.737431e+00, -1.382956e-03, -8.598729e-02, -4.196786e-04, 3.542869e-03, -2.511271e-01, -9.397322e-17, 3.903128e-17, 5.465952e-01, 4.943962e-17, 9.537772e-03, 2.503506e-02, 2.071681e-01, -7.129294e-04, 7.776810e-03, -3.584498e-02, 2.995305e-04, -4.481679e-02, -3.245426e+00, -3.916752e-03, 2.133776e+00, 1.818135e+00, -8.700477e-03, 1.338999e+00, 4.003106e+00, -9.679686e-04, -7.456109e-01, 1.865395e+00, -1.400154e-04, 1.215858e+00, 4.605088e+00, 2.034802e-03, -1.837173e+00, -8.388655e-02, -1.876073e-03, -1.531415e-01
24, 3.799401e-01, -2.795947e-03, 1.645164e-04, 3.824324e-04, 4.630054e-04, -1.171596e-04, 1.938132e-04, 8.090699e+00, 1.309602e-02, -4.420273e+00, 9.616021e-04, -1.041141e-02, -2.683052e-04, 1.293830e+00, 1.160371e-02, -1.316605e-01, 3.390870e-02, -6.612244e-03, -1.096559e-01, -1.175275e-16, 8.088148e-17, 5.682813e-01, -1.474515e-17, 1.146852e-02, -1.096387e-02, 1.240206e-01, -7.363271e-04, 3.824408e-03, -1.831124e-02, 8.834007e-04, -2.313633e-02, -2.701706e+00, -5.617186e-03, 1.774769e+00, 1.533587e+00, -6.366537e-03, 1.083950e+00, 3.121666e+00, -1.410824e-03, -6.327361e-01, 1.566136e+00, -4.171832e-04, 1.050206e+00, 3.687974e+00, 1.959253e-02, -1.572705e+00, -1.645263e-02, -1.050393e-02, -1.104734e-01
25, 4.356227e-01, -2.263979e-03, -6.555055e-05, 3.181038e-04, -1.165515e-04, 4.116090e-05, -4.514589e-05, 6.557518e+00, 4.197722e-03, -3.705191e+00, 3.176135e-04, -7.276656e-03, 8.303759e-05, 8.938271e-01, 7.881114e-03, -1.292545e-01, 3.865892e-02, -4.823739e-03, -1.828102e-02, -5.556536e-17, 7.155734e-17, 5.432282e-01, -2.471981e-17, 1.195249e-02, -3.663450e-02, 7.980956e-02, 2.307840e-03, 1.352917e-03, -4.651148e-03, -7.179271e-04, -9.163683e-03, -2.218099e+00, -3.348500e-03, 1.462042e+00, 1.268793e+00, -8.845195e-03, 8.701752e-01, 2.437276e+00, -1.533726e-03, -5.249439e-01, 1.294016e+00, -4.498170e-04, 8.863993e-01, 2.878044e+00, 1.263745e-02, -1.303197e+00, 9.218725e-03, -9.302374e-03, -8.017509e-02
26, 4.967933e-01, -1.581729e-03, -3.073996e-04, 2.983571e-04, -3.578977e-04, 2.799820e-05, -2.090247e-05, 5.197411e+00, -2.554239e-03, -3.045228e+00, 4.696209e-04, -1.649471e-04, 1.936209e-04, 6.578334e-01, -1.974651e-03, -1.370568e-01, 4.387591e-02, 2.593932e-03, 4.067869e-02, -2.466560e-18, 5.659535e-17, 5.130298e-01, -5.854692e-18, -3.045734e-04, -5.137356e-02, 4.539734e-02, 1.398550e-03, 1.330399e-03, 2.747905e-03, -2.804505e-05, -1.529614e-03, -1.787557e+00, -5.550265e-04, 1.169159e+00, 1.022430e+00, 4.273445e-04, 6.927304e-01, 1.902347e+00, -1.695301e-03, -4.264819e-01, 1.052211e+00, -1.139053e-04, 7.350554e-01, 2.212319e+00, -1.682666e-03, -1.072582e+00, 1.767005e-02, 2.609618e-03, -5.433495e-02
27, 5.633095e-01, -1.479099e-03, -3.102585e-04, 4.942775e-04, -4.456535e-04, 5.587089e-05, -2.489626e-04, 3.965148e+00, -2.788755e-03, -2.438643e+00, 3.648817e-04, 1.394276e-03, 3.479653e-04, 5.589782e-01, 1.703346e-03, -1.454444e-01, 6.873692e-02, -1.457504e-03, 8.023566e-02, 3.775734e-17, 2.688821e-17, 4.952221e-01, 8.565197e-18, -4.361036e-03, -5.631855e-02, 3.107166e-02, 2.824157e-05, 1.455098e-04, 8.009175e-03, -1.547082e-04, 2.864404e-03, -1.393908e+00, -2.700787e-04, 8.901788e-01, 7.920302e-01, 3.240273e-03, 5.410800e-01, 1.484545e+00, -8.857984e-04, -3.396197e-01, 8.411827e-01, 1.108303e-04, 6.020593e-01, 1.678224e+00, -1.311890e-04, -8.594157e-01, 2.840408e-02, -1.505401e-03, -3.360085e-02
28, 6.348400e-01, -1.830724e-03, -7.794412e-05, 5.423290e-04, -2.994825e-04, 1.400764e-05, -3.943096e-04, 2.852435e+00, -1.753889e-03, -1.889652e+00, 3.645857e-04, 2.116367e-03, 4.445287e-04, 5.473262e-01, -3.955626e-03, -1.619316e-01, 9.536818e-02, 1.022734e-03, 1.155839e-01, 5.109303e-18, -8.239937e-18, 4.776018e-01, 2.211772e-17, -3.859792e-03, -5.274554e-02, 2.509043e-02, 3.794798e-04, -1.053634e-04, 1.247088e-02, 2.425609e-05, 5.728120e-03, -1.040880e+00, -5.071032e-04, 6.375732e-01, 5.880798e-01, 2.381600e-03, 4.052280e-01, 1.155118e+00, -7.171748e-04, -2.629139e-01, 6.617321e-01, 1.530876e-04, 4.895513e-01, 1.230685e+00, -5.042020e-03, -6.741420e-01, 3.485077e-02, 1.518070e-03, -1.491795e-02
29, 7.108510e-01, -1.556566e-03, 8.871494e-05, 5.382155e-04, -4.629765e-04, -1.890857e-05, -3.802742e-04, 1.859521e+00, -2.822223e-03, -1.390143e+00, 4.847110e-04, 3.481424e-03, 4.279768e-04, 6.232458e-01, 3.228285e-04, -1.818047e-01, 1.163137e-01, 4.718667e-04, 1.589580e-01, -2.191444e-17, 7.968886e-18, 4.533292e-01, 9.812030e-18, -6.986089e-03, -4.384258e-02, 2.584662e-02, -3.884648e-04, -1.630739e-04, 1.636707e-02, 1.662315e-04, 8.107972e-03, -7.302005e-01, 3.226022e-05, 4.123095e-01, 4.162962e-01, 3.914638e-03, 2.818580e-01, 8.997664e-01, -9.590764e-04, -1.953763e-01, 5.142746e-01, 8.484163e-05, 3.984039e-01, 8.802033e-01, -1.985237e-03, -5.116345e-01, 3.565015e-02, 9.821373e-04, 7.485733e-03
30, 7.906069e-01, -1.576253e-03, -1.290746e-05, 4.799230e-04, -4.734638e-04, -5.373586e-05, -4.894663e-04, 1.017259e+00, -4.088515e-03, -9.425956e-01, 3.666221e-04, 3.496208e-03, 5.370111e-04, 7.462203e-01, -2.472512e-05, -1.764293e-01, 1.382004e-01, -2.365354e-04, 2.023991e-01, -2.997819e-17, 2.146720e-17, 3.985734e-01, -1.046255e-17, 9.785441e-04, -2.951487e-02, 3.629916e-02, 1.181497e-04, -2.471115e-04, 1.915126e-02, -7.855891e-05, 1.024687e-02, -4.757158e-01, 1.120185e-03, 2.265438e-01, 2.854899e-01, -3.951140e-03, 1.733445e-01, 7.105586e-01, -6.002336e-04, -1.349965e-01, 3.995380e-01, -1.303564e-06, 3.290323e-01, 6.150803e-01, -2.261764e-03, -3.596382e-01, 4.414369e-02, 2.635571e-04, 2.846978e-02
31, 8.731889e-01, -1.892368e-03, 4.437362e-05, 3.598681e-04, -3.684363e-04, -2.424156e-05, -6.422350e-04, 3.855165e-01, -3.116789e-03, -5.427740e-01, 3.372929e-04, 2.715134e-03, 7.294739e-04, 8.602541e-01, -9.843932e-04, -1.333529e-01, 1.499623e-01, 4.348039e-04, 2.373121e-01, -1.027282e-17, -3.686287e-18, 2.820838e-01, -1.084202e-19, 9.251346e-03, -1.228288e-02, 5.300893e-02, -1.083130e-04, -3.079159e-04, 2.249781e-02, 4.326876e-05, 1.177008e-02, -2.914796e-01, 2.531723e-04, 9.885507e-02, 1.975587e-01, -1.054584e-02, 8.904832e-02, 5.851421e-01, -2.190068e-04, -7.954296e-02, 3.208072e-01, -4.538270e-05, 2.820231e-01, 4.240501e-01, -3.781690e-03, -2.163128e-01, 4.991736e-02, 1.968335e-03, 4.519628e-02
32, 9.575304e-01, -1.972040e-03, 1.076152e-04, 7.852346e-05, -2.907937e-04, -4.722478e-06, -5.716963e-04, 4.627058e-02, -1.580506e-03, -1.747362e-01, 3.950041e-04, 1.343996e-03, 6.597070e-04, 9.293628e-01, 1.175974e-03, -5.348355e-02, 1.536265e-01, -6.401362e-04, 2.579862e-01, -6.735606e-18, 4.553649e-18, 1.044191e-01, -7.968886e-18, 6.049828e-03, 2.401532e-04, 6.450778e-02, -2.023545e-04, -1.959311e-05, 2.404873e-02, -6.884973e-05, 1.249665e-02, -1.923563e-01, -1.044400e-04, 2.551178e-02, 1.532440e-01, -6.033824e-03, 4.143751e-02, 5.226240e-01, 5.795156e-05, -2.661399e-02, 2.804836e-01, 1.790163e-05, 2.581852e-01, 3.271329e-01, -8.768935e-04, -7.177299e-02, 5.112149e-02, 6.378349e-04, 5.520668e-02
33, 1.042470e+00, -1.911734e-03, 3.929899e-05, -2.035904e-04, -2.199189e-04, 2.023355e-05, -4.199925e-04, 4.897342e-02, 4.654438e-04, 1.788700e-01, 3.885653e-04, 5.975143e-04, 6.721430e-06, 9.294941e-01, -3.206173e-04, 4.196244e-02, 1.546628e-01, -1.837777e-03, 2.581949e-01, -5.624299e-18, 1.084202e-18, -1.025538e-01, 5.421011e-19, -1.053704e-03, 1.817307e-03, 6.367516e-02, -9.874518e-05, 9.043930e-05, 2.364729e-02, 6.338018e-05, 1.249885e-02, -1.903419e-01, 1.994152e-04, -2.320682e-02, 1.524449e-01, 1.069403e-03, 4.032002e-02, 5.227274e-01, 1.704649e-06, 2.551275e-02, 2.807630e-01, -9.835266e-06, 2.579871e-01, 3.309851e-01, 2.044930e-04, 6.985309e-02, 5.060050e-02, -1.171582e-03, 5.527072e-02
34, 1.126811e+00, -1.687518e-03, -1.072867e-04, -2.623325e-04, -2.606137e-04, -2.639930e-05, -3.736482e-04, 3.921594e-01, 7.615777e-04, 5.497436e-01, 3.320345e-04, -7.801125e-04, 1.012349e-03, 8.528757e-01, -1.713789e-03, 1.255761e-01, 1.503393e-01, 2.509029e-03, 2.381235e-01, 2.027458e-17, -4.336809e-19, -2.852106e-01, 4.336809e-19, -6.861752e-03, -8.942956e-03, 5.246180e-02, -2.268173e-04, 1.651515e-04, 2.234793e-02, -4.808332e-05, 1.168371e-02, -2.870211e-01, 6.689900e-04, -9.413465e-02, 1.959024e-01, 6.119205e-03, 8.669173e-02, 5.852181e-01, -2.199332e-04, 7.847428e-02, 3.210162e-01, -1.054072e-05, 2.814704e-01, 4.269452e-01, -1.828190e-04, 2.179277e-01, 4.816606e-02, 9.752263e-04, 4.747152e-02
35, 1.209393e+00, -1.268422e-03, -8.697309e-05, -2.286424e-04, -2.591997e-04, -8.337296e-05, -4.142042e-04, 1.020198e+00, -1.652249e-03, 9.527106e-01, 3.536641e-04, -2.967391e-03, 3.108225e-04, 7.334338e-01, 7.988482e-04, 1.711242e-01, 1.373938e-01, 4.373486e-03, 2.016931e-01, 1.355253e-18, 1.192622e-17, -4.025914e-01, 1.984090e-17, -2.538489e-03, -2.532291e-02, 3.780478e-02, -4.088141e-04, 4.733844e-04, 1.965071e-02, 1.292058e-05, 1.027192e-02, -4.721635e-01, 3.012732e-04, -2.241834e-01, 2.851861e-01, 2.581249e-03, 1.700321e-01, 7.102593e-01, -3.166592e-05, 1.343733e-01, 3.997236e-01, 4.550855e-05, 3.283098e-01, 6.102818e-01, -8.423024e-04, 3.633887e-01, 4.311981e-02, 1.499640e-03, 2.908937e-02
36, 1.289149e+00, -1.029489e-03, 1.080183e-04, -2.812888e-04, -2.483378e-04, -3.994969e-05, -3.736555e-04, 1.867376e+00, -2.359523e-03, 1.400332e+00, 2.370486e-04, -1.783915e-03, 3.287486e-04, 6.089724e-01, 2.641183e-03, 1.780436e-01, 1.176452e-01, 1.683418e-03, 1.594370e-01, -3.390842e-17, -5.421011e-18, -4.563512e-01, 6.993104e-18, 7.290100e-03, -3.896742e-02, 2.576799e-02, 3.158483e-04, -1.598227e-04, 1.563760e-02, -1.704988e-05, 8.259737e-03, -7.301240e-01, -5.328047e-04, -4.133906e-01, 4.200094e-01, -6.811682e-03, 2.772515e-01, 8.984941e-01, 3.417389e-04, 1.950970e-01, 5.147848e-01, 2.603876e-04, 3.977447e-01, 8.745282e-01, -3.850539e-04, 5.136581e-01, 3.899291e-02, 1.404324e-04, 8.938499e-03
37, 1.365160e+00, -1.147635e-03, 1.413443e-04, -3.329161e-04, -4.248305e-04, 2.252061e-05, -3.220902e-04, 2.860371e+00, -1.472296e-03, 1.895909e+00, 6.649176e-05, 1.411596e-03, 3.745129e-04, 5.350378e-01, 3.281892e-04, 1.566121e-01, 9.175256e-02, -9.194815e-04, 1.129210e-01, -3.431500e-17, -2.211772e-17, -4.721316e-01, -1.398621e-17, 7.541157e-03, -4.693714e-02, 2.472490e-02, -2.600157e-04, 4.147438e-04, 1.212614e-02, 1.764304e-05, 5.801216e-03, -1.039446e+00, -8.229506e-05, -6.447939e-01, 5.914437e-01, -7.198479e-03, 4.012168e-01, 1.153462e+00, 5.477030e-04, 2.626871e-01, 6.636116e-01, 1.888269e-04, 4.890731e-01, 1.228373e+00, -2.175465e-03, 6.736566e-01, 3.220211e-02, 6.410885e-04, -1.537459e-02
38, 1.436690e+00, -1.225186e-03, 4.605294e-05, -3.952008e-04, -3.824230e-04, 1.336276e-04, -2.298195e-04, 3.973030e+00, -1.887808e-04, 2.445672e+00, 2.607720e-04, 2.321123e-03, 2.694623e-04, 5.619919e-01, -3.154133e-03, 1.399347e-01, 6.678327e-02, -1.663176e-03, 7.534589e-02, -4.481821e-17, 1.192622e-17, -4.822400e-01, -2.840610e-17, 4.523852e-03, -5.352604e-02, 3.259059e-02, -2.390633e-04, -2.240316e-04, 8.654772e-03, -3.815053e-04, 3.116924e-03, -1.395939e+00, -8.536240e-04, -9.023616e-01, 7.933049e-01, -5.396318e-03, 5.414221e-01, 1.484264e+00, 4.131221e-04, 3.392524e-01, 8.442332e-01, 1.267089e-04, 6.017763e-01, 1.688636e+00, -4.894776e-03, 8.619240e-01, 2.515295e-02, -8.563605e-04, -3.491819e-02
39, 1.503207e+00, -2.241560e-03, 1.721988e-04, -5.969801e-04, -3.588244e-04, 2.116431e-04, -1.437578e-04, 5.200698e+00, 2.298455e-03, 3.045294e+00, -2.655960e-04, 2.825309e-03, 2.559679e-04, 6.822546e-01, -4.810210e-03, 1.430251e-01, 5.099107e-02, -2.126013e-03, 4.281585e-02, 8.131516e-19, 4.011548e-18, -5.022604e-01, -1.409463e-17, -4.483334e-03, -5.455173e-02, 4.643924e-02, 2.166557e-03, -7.167268e-04, 3.198656e-03, 3.308365e-04, -1.331446e-03, -1.789065e+00, -7.457840e-04, -1.180903e+00, 1.020296e+00, 2.746192e-03, 6.970568e-01, 1.904057e+00, 7.381742e-04, 4.262323e-01, 1.054589e+00, -1.176544e-04, 7.350566e-01, 2.238512e+00, -2.001355e-03, 1.078804e+00, 1.999021e-02, -8.009979e-04, -5.066734e-02
40, 1.564377e+00, -2.496306e-03, -1.732226e-05, -5.291728e-04, -1.944364e-04, 2.180254e-04, -2.237541e-04, 6.545131e+00, 2.244447e-03, 3.699643e+00, -6.407116e-04, 3.726487e-03, 1.992140e-04, 9.183934e-01, 3.260694e-03, 1.485116e-01, 3.322715e-02, -4.087442e-04, -8.577355e-03, 3.290554e-17, -1.111307e-17, -5.379598e-01, -1.582935e-17, -1.351078e-02, -4.266886e-02, 7.627280e-02, -4.492979e-04, -2.488593e-03, -6.344424e-03, 4.718081e-04, -9.260561e-03, -2.222977e+00, 3.914245e-03, -1.473269e+00, 1.266717e+00, 1.000339e-02, 8.751134e-01, 2.437453e+00, 1.097286e-03, 5.244059e-01, 1.295083e+00, -3.125537e-04, 8.866513e-01, 2.881864e+00, 7.890124e-03, 1.310560e+00, -1.929280e-03, 3.766909e-04, -7.162168e-02
41, 1.620060e+00, -3.033508e-03, -1.286294e-04, -2.914557e-04, -2.182457e-04, 8.670223e-06, -1.133385e-04, 8.077922e+00, 1.981384e-03, 4.412694e+00, -4.659375e-04, 1.639707e-03, 5.360754e-05, 1.292062e+00, 4.745309e-03, 1.399957e-01, 2.371256e-02, -9.464850e-04, -1.036416e-01, -2.493665e-18, -4.662069e-17, -5.694053e-01, -2.081668e-17, -2.128552e-03, -1.412243e-02, 1.223638e-01, -1.868831e-03, -4.157244e-03, -1.835475e-02, 1.159511e-04, -2.363497e-02, -2.703269e+00, 4.942127e-03, -1.782304e+00, 1.531747e+00, 1.163027e-03, 1.086751e+00, 3.120228e+00, 1.834791e-03, 6.317824e-01, 1.565571e+00, -4.717015e-04, 1.050414e+00, 3.671883e+00, 8.093827e-03, 1.565332e+00, -2.871407e-02, 3.066797e-04, -1.048945e-01
42, 1.670277e+00, -4.545067e-03, -2.379137e-04, -2.911180e-04, 2.177943e-04, -2.196472e-04, 3.214382e-04, 9.880254e+00, -4.492169e-04, 5.180838e+00, 8.163634e-06, -3.432887e-03, -5.342030e-04, 1.747041e+00, -2.496081e-03, 9.122687e-02, -1.684696e-04, -4.482690e-03, -2.505587e-01, -8.196568e-17, -1.078781e-16, -5.476367e-01, -3.339343e-17, 8.962545e-03, 2.374163e-02, 2.072068e-01, -1.293384e-03, -7.277904e-03, -3.269454e-02, -2.951298e-04, -4.552237e-02, -3.241968e+00, 4.141879e-03, -2.138907e+00, 1.815505e+00, -7.984431e-03, 1.340522e+00, 3.997675e+00, 1.706475e-03, 7.446363e-01, 1.864486e+00, -4.819008e-04, 1.215962e+00, 4.599403e+00, -1.565364e-03, 1.833898e+00, -8.205312e-02, -6.531045e-03, -1.486354e-01
43, 1.715186e+00, -5.491173e-03, -4.983959e-05, -5.573482e-05, 7.578617e-04, -4.874613e-05, 1.023134e-03, 1.214344e+01, -4.346539e-03, 6.020699e+00, 6.053114e-04, -5.946940e-03, -1.490922e-03, 2.186567e+00, -5.456036e-03, -2.471630e-02, -3.731547e-02, -1.658251e-03, -4.196019e-01, -2.368982e-17, -8.771196e-17, -4.423557e-01, 3.035766e-17, 4.198425e-03, 4.473656e-02, 3.387159e-01, -2.216889e-03, -1.142565e-02, -5.375467e-02, -1.841877e-04, -7.485651e-02, -3.838349e+00, 4.387119e-03, -2.553647e+00, 2.115556e+00, -1.615810e-03, 1.635865e+00, 5.131519e+00, 6.552299e-04, 8.545048e-01, 2.185991e+00, -3.637882e-04, 1.368357e+00, 5.704351e+00, -8.237737e-03, 2.134105e+00, -1.616582e-01, -4.794230e-03, -1.847277e-01
44, 1.755046e+00, -5.298414e-03, -1.587127e-04, 5.380741e-04, 4.108994e-04, -2.183024e-06, 1.442062e-03, 1.511451e+01, -4.233757e-03, 6.941746e+00, 4.549300e-04, -3.505058e-03, -3.807050e-03, 2.350825e+00, -2.245860e-03, -2.499036e-01, -9.501385e-02, -2.355195e-04, -5.506886e-01, -5.510458e-17, -1.561251e-17, -2.124763e-01, 1.127570e-17, 2.963945e-03, 1.673239e-02, 5.220784e-01, 2.167300e-03, -2.137910e-02, -7.501600e-02, -3.552000e-05, -1.077611e-01, -4.456917e+00, 2.784082e-04, -3.056416e+00, 2.429663e+00, -2.006452e-04, 1.943109e+00, 6.591885e+00, -4.096088e-04, 9.509649e-01, 2.521060e+00, -2.621979e-04, 1.491525e+00, 6.943911e+00, -3.465588e-03, 2.450069e+00, -2.613824e-01, -7.484164e-04, -1.953823e-01
45, 1.790190e+00, -3.313449e-03, -2.297935e-04, 1.290406e-03, 2.686165e-04, -6.778319e-07, 1.238872e-03, 1.919818e+01, 7.102988e-04, 7.979600e+00, 2.698872e-04, -4.826172e-04, -9.011353e-04, 1.884011e+00, 3.059894e-03, -5.963748e-01, -1.529329e-01, -4.388052e-03, -5.409145e-01, -1.511107e-16, 1.311885e-17, 1.782065e-01, -3.165870e-17, 9.192120e-03, -8.939668e-02, 7.331157e-01, -4.589508e-05, -4.299518e-02, -9.881663e-02, -1.110624e-04, -1.351798e-01, -5.036932e+00, -2.732112e-03, -3.680296e+00, 2.753177e+00, -5.647967e-03, 2.207346e+00, 8.445510e+00, -1.279875e-03, 1.018941e+00, 2.857989e+00, 8.281324e-05, 1.572613e+00, 8.336177e+00, 2.501854e-03, 2.817909e+00, -3.565609e-01, -1.519713e-03, -1.328981e-01
46, 1.820992e+00, 1.352718e-03, -3.825768e-04, 2.484894e-03, 6.535667e-04, -3.877406e-05, 8.411594e-04, 2.487614e+01, 5.881324e-03, 9.084468e+00, 7.823323e-04, 2.330401e-03, -1.557005e-03, 2.312870e-01, -7.561051e-03, -1.059594e+00, -1.982933e-01, -1.190771e-02, -3.502548e-01, -1.518696e-16, 1.279359e-17, 7.107526e-01, -8.500145e-17, 5.861325e-03, -2.610094e-01, 9.229896e-01, -4.212060e-05, -7.993604e-02, -1.316980e-01, -9.502683e-04, -1.489011e-01, -5.509422e+00, -3.195210e-03, -4.423461e+00, 3.083202e+00, -1.805483e-03, 2.357329e+00, 1.074106e+01, 3.781088e-04, 1.042983e+00, 3.188523e+00, 3.271923e-04, 1.604174e+00, 9.778584e+00, -4.912589e-03, 3.186762e+00, -4.351829e-01, -6.760156e-03, -9.409014e-03
47, 1.847851e+00, 7.831384e-03, 1.948352e-04, 3.543315e-03, 9.534142e-04, -2.157930e-04, 3.367402e-04, 3.253499e+01, 9.385322e-03, 1.018841e+01, 8.060652e-04, 4.716705e-03, -1.037435e-03, -2.989780e+00, -1.144400e-02, -1.547979e+00, -2.130176e-01, -8.334800e-03, -1.493631e-02, -2.409639e-17, -2.883978e-17, 1.326448e+00, -2.905662e-17, -1.167259e-02, -4.426460e-01, 9.335511e-01, 2.255738e-03, -1.467110e-01, -1.914535e-01, -3.539101e-05, -1.410266e-01, -5.814648e+00, -2.681949e-03, -5.246995e+00, 3.412354e+00, 1.237611e-02, 2.334295e+00, 1.349678e+01, 2.381635e-03, 1.014790e+00, 3.498284e+00, 2.282627e-04, 1.585592e+00, 1.115950e+01, -5.061359e-03, 3.554842e+00, -4.905492e-01, -2.962428e-03, 1.487198e-01
48, 1.871164e+00, 1.600113e-02, 5.452511e-04, 4.079575e-03, 9.154094e-04, -2.601610e-04, -3.834022e-04, 4.229207e+01, 1.246712e-02, 1.112185e+01, 6.249951e-04, 5.494912e-03, -3.690454e-04, -7.789468e+00, -8.522169e-03, -1.913495e+00, -2.089025e-01, 3.035789e-03, 3.735633e-01, 1.599198e-18, 1.517883e-18, 1.940234e+00, 1.604619e-17, -2.478785e-02, -5.712752e-01, 4.261253e-01, 2.734823e-03, -2.543582e-01, -2.918497e-01, 8.652186e-04, -1.088241e-01, -5.941812e+00, -6.221997e-03, -6.084742e+00, 3.730333e+00, 1.927031e-02, 2.122362e+00, 1.662950e+01, 2.037832e-03, 9.382907e-01, 3.765884e+00, 5.246207e-05, 1.520920e+00, 1.234141e+01, -2.125310e-03, 3.867117e+00, -5.365932e-01, 4.086080e-03, 2.949205e-01
49, 1.891322e+00, 2.590942e-02, 1.185493e-04, 4.106538e-03, 5.253584e-04, -1.221588e-04, -1.065011e-03, 5.366919e+01, 1.225947e-02, 1.167682e+01, 4.400758e-04, 4.026035e-03, 2.998713e-04, -1.348200e+01, -3.461108e-03, -1.980958e+00, -1.972981e-01, 1.127247e-02, 7.025063e-01, -4.724411e-17, 4.250073e-17, 2.400771e+00, 4.857226e-17, -2.128442e-02, -5.913905e-01, -1.101712e+00, 4.598170e-03, -4.153314e-01, -4.238840e-01, 6.095731e-04, -5.395571e-02, -5.892417e+00, -1.146728e-02, -6.777729e+00, 4.010120e+00, 1.231599e-02, 1.746464e+00, 1.994436e+01, -5.116382e-04, 8.352556e-01, 3.969416e+00, -1.499376e-04, 1.416975e+00, 1.322279e+01, 2.322350e-03, 4.064210e+00, -5.805635e-01, 7.211742e-03, 3.880146e-01
50, 1.908691e+00, 3.540400e-02, -3.979383e-04, 3.351489e-03, 1.672987e-04, -3.506996e-06, -1.465164e-03, 6.519717e+01, 9.750698e-03, 1.165688e+01, 4.922376e-05, 2.189813e-03, 7.730855e-04, -1.840135e+01, -9.142382e-04, -1.612699e+00, -1.935847e-01, 1.219507e-02, 8.912047e-01, -7.315654e-17, 1.006140e-16, 2.533091e+00, 6.028164e-17, -8.880465e-03, -4.810698e-01, -4.333263e+00, 4.939700e-03, -6.217847e-01, -5.482857e-01, -8.718823e-05, 1.850499e-02, -5.675517e+00, -1.537907e-02, -7.118534e+00, 4.208298e+00, -3.256616e-04, 1.261157e+00, 2.310779e+01, -3.412612e-03, 7.430875e-01, 4.088185e+00, -1.588688e-04, 1.283212e+00, 1.364384e+01, 2.207640e-03, 4.090516e+00, -6.218757e-01, 5.253942e-03, 4.088233e-01
51, 1.923614e+00, 3.914279e-02, -3.813788e-04, 1.736377e-03, 1.505240e-04, 1.740764e-05, -1.573623e-03, 7.433224e+01, 7.589353e-03, 1.094479e+01, -3.632377e-04, 1.086029e-03, 9.844110e-04, -2.014957e+01, 2.442285e-03, -7.873961e-01, -2.225388e-01, 1.030768e-02, 9.273272e-01, -4.334098e-17, 1.101549e-16, 2.234417e+00, 5.312591e-17, 9.548349e-04, -2.649298e-01, -9.707648e+00, 5.666467e-03, -8.165696e-01, -6.149405e-01, 1.032522e-04, 1.018623e-01, -5.301651e+00, -1.731638e-02, -6.952353e+00, 4.273975e+00, -8.456762e-03, 7.348621e-01, 2.570908e+01, -5.619871e-03, 7.089115e-01, 4.098863e+00, -3.031051e-05, 1.131935e+00, 1.342514e+01, 4.382972e-03, 3.912244e+00, -6.628811e-01, 4.007939e-03, 3.697452e-01
52, 1.936403e+00, 3.271324e-02, -1.226367e-04, -4.731845e-04, 3.386129e-04, -1.075148e-05, -1.466009e-03, 7.808735e+01, 6.966294e-03, 9.563923e+00, -6.678233e-04, 5.422630e-04, 9.866429e-04, -1.669512e+01, 7.177944e-03, 3.439380e-01, -2.867737e-01, 7.985957e-03, 8.461056e-01, 1.200754e-17, 9.150666e-17, 1.522157e+00, 6.245005e-17, 5.282607e-03, 1.731436e-02, -1.671130e+01, 4.440062e-03, -8.858301e-01, -6.205121e-01, 5.895484e-05, 1.900644e-01, -4.783303e+00, -1.723582e-02, -6.232005e+00, 4.179156e+00, -1.052636e-02, 2.197636e-01, 2.749633e+01, -6.999449e-03, 7.796336e-01, 3.974971e+00, -2.048081e-05, 9.779715e-01, 1.236860e+01, 8.470565e-03, 3.533022e+00, -7.041071e-01, 3.374656e-03, 2.977291e-01
53, 1.947340e+00, 1.643163e-02, 1.267638e-04, -2.626626e-03, 5.699814e-04, -3.928145e-05, -1.218695e-03, 7.439862e+01, 7.088527e-03, 7.703959e+00, -8.942429e-04, 2.951851e-04, 8.522241e-04, -8.055452e+00, 1.004891e-02, 1.460904e+00, -3.625419e-01, 6.262376e-03, 6.974420e-01, 7.468798e-17, 3.599551e-17, 5.786344e-01, 5.269223e-17, 5.758340e-03, 3.405430e-01, -2.313134e+01, 7.115685e-05, -6.937355e-01, -6.135539e-01, -3.512208e-04, 2.772889e-01, -4.145527e+00, -1.563751e-02, -5.079896e+00, 3.942065e+00, -8.971059e-03, -2.636217e-01, 2.870281e+01, -7.732799e-03, 9.811558e-01, 3.711139e+00, -2.070362e-05, 8.353164e-01, 1.034706e+01, 9.177124e-03, 2.991336e+00, -7.466339e-01, 3.053606e-03, 2.184067e-01
54, 1.956676e+00, -3.937154e-03, 3.176131e-04, -4.015327e-03, 7.260865e-04, -4.907986e-05, -9.187694e-04, 6.358516e+01, 7.176758e-03, 5.679912e+00, -1.041689e-03, 2.363301e-04, 1.824488e-03, 2.931512e+00, 1.293966e-02, 2.205370e+00, -4.126050e-01, 5.051652e-03, 5.258361e-01, 5.162158e-17, 4.423545e-17, -2.810478e-01, 6.114900e-17, 3.906221e-03, 6.968297e-01, -2.537303e+01, -5.989093e-03, -1.700531e-01, -6.458142e-01, -5.638378e-04, 3.564493e-01, -3.430348e+00, -1.324517e-02, -3.784314e+00, 3.618628e+00, -5.826911e-03, -7.190482e-01, 3.013152e+01, -7.789328e-03, 1.293776e+00, 3.352221e+00, 6.576363e-05, 7.123920e-01, 7.585713e+00, 8.353870e-03, 2.360106e+00, -7.937806e-01, 2.786771e-03, 1.504182e-01
55, 1.964632e+00, -2.051541e-02, 3.894386e-04, -4.311048e-03, 7.331959e-04, -4.278336e-05, -6.317010e-04, 4.849025e+01, 6.651971e-03, 3.795006e+00, -1.069137e-03, 1.128147e-04, -5.268584e-04, 1.195913e+01, 1.506233e-02, 2.378227e+00, -4.090795e-01, 3.851775e-03, 3.617692e-01, 3.202462e-17, 2.688821e-17, -7.442525e-01, 5.789640e-17, 1.732627e-03, 1.080326e+00, -2.037095e+01, -9.520761e-03, 6.113338e-01, -7.028672e-01, -4.841436e-04, 4.181542e-01, -2.690260e+00, -1.071644e-02, -2.689772e+00, 3.272950e+00, -2.932457e-03, -1.154282e+00, 3.268901e+01, -6.745002e-03, 1.642778e+00, 3.000834e+00, 1.959785e-04, 6.094301e-01, 4.719673e+00, 7.832659e-03, 1.712076e+00, -8.416326e-01, 2.127421e-03, 9.664150e-02
56, 1.971403e+00, -2.808800e-02, 3.408499e-04, -3.682305e-03, 6.183842e-04, -2.911777e-05, -3.917820e-04, 3.298494e+01, 5.329033e-03, 2.303737e+00, -9.587377e-04, 1.087885e-04, 2.845521e-04, 1.599352e+01, 1.415119e-02, 2.040476e+00, -3.536519e-01, 2.439377e-03, 2.238930e-01, 1.234635e-17, 3.989864e-17, -6.463477e-01, 4.998172e-17, 7.869598e-04, 1.468274e+00, -7.922756e+00, -8.421597e-03, 1.440078e+00, -6.708683e-01, -1.961803e-04, 4.517102e-01, -1.979386e+00, -8.388824e-03, -2.051866e+00, 2.948427e+00, -1.531527e-03, -1.560620e+00, 3.663630e+01, -5.000562e-03, 1.921787e+00, 2.788726e+00, 3.255322e-04, 5.200114e-01, 2.468103e+00, 7.329512e-03, 1.167972e+00, -8.663967e-01, 1.311003e-03, 6.392281e-02
57, 1.977160e+00, -2.653753e-02, 2.341450e-04, -2.596350e-03, 4.571457e-04, -1.583601e-05, -2.147017e-04, 2.006690e+01, 3.636750e-03, 1.257423e+00, -7.527198e-04, 6.889555e-05, 1.558444e-04, 1.494636e+01, 1.070490e-02, 1.441762e+00, -2.701744e-01, 1.191128e-03, 1.221850e-01, 1.321371e-18, 3.382711e-17, -1.951382e-02, 5.258381e-17, 1.208960e-03, 1.815206e+00, 8.827770e+00, -4.944070e-03, 2.072010e+00, -3.880614e-01, 1.751048e-04, 4.487761e-01, -1.345291e+00, -6.381570e-03, -1.955557e+00, 2.656496e+00, -1.616827e-03, -1.906024e+00, 4.131737e+01, -3.640641e-03, 2.040245e+00, 2.821222e+00, 4.115142e-04, 4.358459e-01, 1.204907e+00, 6.422508e-03, 7.584752e-01, -8.241722e-01, 6.315828e-04, 4.466755e-02
58, 1.982048e+00, -1.963988e-02, 1.328335e-04, -1.526496e-03, 3.044233e-04, -6.852658e-06, -1.012870e-04, 1.094431e+01, 2.129421e-03, 6.134586e-01, -5.195076e-04, 3.711283e-05, 7.316869e-05, 1.098196e+01, 6.637321e-03, 8.482750e-01, -1.840627e-01, 4.436448e-04, 5.739649e-02, 5.563312e-18, 1.604619e-17, 9.654400e-01, 4.022390e-17, 2.357793e-03, 2.066040e+00, 2.533199e+01, -2.166568e-03, 2.352289e+00, 2.622760e-01, 4.807633e-04, 4.079295e-01, -8.214975e-01, -4.730745e-03, -2.326369e+00, 2.383628e+00, -2.560231e-03, -2.145727e+00, 4.565030e+01, -3.402056e-03, 1.963932e+00, 3.133701e+00, 4.311817e-04, 3.515995e-01, 8.060989e-01, 5.138651e-03, 4.906891e-01, -6.726836e-01, 3.347539e-04, 3.421358e-02
59, 1.986197e+00, -1.184902e-02, 6.468776e-05, -7.449888e-04, 1.821832e-04, -2.268463e-06, -3.990737e-05, 5.339094e+00, 1.081831e-03, 2.636767e-01, -3.134280e-04, 1.686046e-05, 2.853188e-05, 6.594061e+00, 3.321008e-03, 4.141010e-01, -1.110528e-01, 1.154074e-04, 2.253997e-02, 9.466440e-18, 1.235990e-17, 2.099147e+00, 2.504507e-17, 3.725257e-03, 2.174864e+00, 3.819465e+01, -1.500215e-03, 2.271221e+00, 1.300947e+00, 6.020233e-04, 3.366419e-01, -4.233555e-01, -3.432375e-03, -2.998828e+00, 2.106070e+00, -3.836195e-03, -2.239713e+00, 4.884498e+01, -4.299800e-03, 1.722333e+00, 3.691443e+00, 3.881486e-04, 2.670771e-01, 8.713242e-01, 3.705362e-03, 3.277292e-01, -3.959743e-01, 2.374735e-04, 2.732450e-02
60, 1.989715e+00, -5.877015e-03, 2.760213e-05, -2.958973e-04, 9.502529e-05, -5.247563e-07, -1.261948e-05, 2.299107e+00, 4.773772e-04, 9.708112e-02, -1.619277e-04, 6.369480e-06, 8.846794e-06, 3.260977e+00, 1.316436e-03, 1.645156e-01, -5.778506e-02, 1.853877e-05, 7.112668e-03, 7.718164e-18, 1.084202e-17, 3.207279e+00, 1.946143e-17, 5.050224e-03, 2.116590e+00, 4.635799e+01, -2.923880e-03, 1.930553e+00, 2.671249e+00, 5.575426e-04, 2.491143e-01, -1.492774e-01, -2.439775e-03, -3.790377e+00, 1.802604e+00, -5.125250e-03, -2.165484e+00, 5.072767e+01, -5.926768e-03, 1.383429e+00, 4.424443e+00, 3.099138e-04, 1.864300e-01, 1.047010e+00, 2.329324e-03, 2.259193e-01, -8.631107e-03, 1.980358e-04, 2.092510e-02
61, 1.992697e+00, -2.349053e-03, 1.012287e-05, -9.149919e-05, 4.092309e-05, -6.366009e-08, -3.011432e-06, 8.433216e-01, 1.781100e-04, 2.898017e-02, -6.866505e-05, 1.921166e-06, 2.036465e-06, 1.301253e+00, 4.217196e-04, 5.089216e-02, -2.471039e-02, 2.810514e-06, 1.695625e-03, 6.810145e-18, 8.890458e-18, 4.176100e+00, 1.794355e-17, 6.178004e-03, 1.888634e+00, 5.059931e+01, -5.472311e-03, 1.466632e+00, 4.287591e+00, 4.378515e-04, 1.614661e-01, 1.420580e-02, -1.680455e-03, -4.550309e+00, 1.461332e+00, -6.235481e-03, -1.921845e+00, 5.158898e+01, -7.750638e-03, 1.018064e+00, 5.264826e+00, 2.254628e-04, 1.156494e-01, 1.171460e+00, 1.187578e-03, 1.543232e-01, 4.592776e-01, 1.597071e-04, 1.430665e-02
62, 1.995222e+00, -7.049203e-04, 2.931740e-06, -1.998047e-05, 1.327048e-05, 4.357836e-09, -4.832414e-07, 2.421375e-01, 5.177554e-05, 6.260671e-03, -2.185941e-05, 4.165802e-07, 3.041676e-07, 3.901658e-01, 1.084509e-04, 1.111890e-02, -7.946774e-03, 9.630513e-07, 2.720077e-04, 4.245329e-18, 6.288373e-18, 4.946514e+00, 1.105886e-17, 7.025202e-03, 1.506768e+00, 5.237944e+01, -8.161330e-03, 9.888082e-01, 6.071438e+00, 3.021627e-04, 8.717669e-02, 8.674062e-02, -1.084177e-03, -5.179380e+00, 1.080951e+00, -7.067240e-03, -1.526071e+00, 5.186624e+01, -9.403652e-03, 6.759525e-01, 6.165444e+00, 1.481888e-04, 5.997223e-02, 1.232950e+00, 3.154392e-04, 9.738929e-02, 9.789632e-01, 1.133117e-04, 8.174491e-03
63, 1.997361e+00, -1.286483e-04, 5.309778e-07, -2.421464e-06, 2.635396e-06, 2.511314e-09, -4.022128e-08, 4.376783e-02, 9.415132e-06, 7.490166e-04, -4.148852e-06, 4.997444e-08, 2.102651e-08, 7.118235e-02, 1.838040e-05, 1.348325e-03, -1.562634e-03, 2.219090e-07, 2.263804e-05, 1.831285e-18, 1.084202e-18, 5.499422e+00, 6.098637e-18, 7.571818e-03, 9.992097e-01, 5.299585e+01, -1.054172e-02, 5.572868e-01, 7.962972e+00, 1.736878e-04, 3.469831e-02, 8.963034e-02, -5.985997e-04, -5.629153e+00, 6.686277e-01, -7.597719e-03, -1.008021e+00, 5.192370e+01, -1.077519e-02, 3.802339e-01, 7.099886e+00, 8.187313e-05, 2.234724e-02, 1.276852e+00, -3.378588e-04, 4.942132e-02, 1.530144e+00, 6.618227e-05, 3.562319e-03
64, 1.999170e+00, -7.445368e-06, 2.922864e-08, -9.061715e-08, 1.983131e-07, 1.748584e-10, -9.598350e-10, 2.372956e-03, 4.963824e-07, 2.499170e-05, -1.908193e-07, 1.648815e-09, 3.589008e-10, 3.791602e-03, 9.478965e-07, 4.785536e-05, -1.038727e-04, 1.344397e-08, 5.225506e-07, 4.785736e-19, 1.084202e-18, 4.418615e+00, 2.039655e-18, 6.030233e-03, 5.540105e-01, 4.201887e+01, -9.663809e-03, 1.876788e-01, 7.601846e+00, 5.946964e-05, 6.940114e-03, 4.289873e-02, -1.899798e-04, -5.891125e+00, 2.365329e-01, -1.784737e-02, -5.563827e-01, 5.195204e+01, -5.897919e-03, 1.806390e-01, 8.052229e+00, 2.244427e-04, 5.921670e-03, -9.884102e+00, -3.954455e-03, -1.465397e+00, -2.139539e-01, -1.198210e-02, -1.353192e-03
